locality,Early Voting,TotalVoteTurnout,TotalRegisteredVoters
ACCOMACK COUNTY,457,2266,3129
ACCOMACK COUNTY,207,782,1047
ACCOMACK COUNTY,337,1393,2082
ACCOMACK COUNTY,574,1687,2962
ACCOMACK COUNTY,161,715,1210
ACCOMACK COUNTY,269,800,1193
ACCOMACK COUNTY,37,230,354
ACCOMACK COUNTY,333,724,1255
ACCOMACK COUNTY,322,618,1142
ACCOMACK COUNTY,769,1525,2337
ACCOMACK COUNTY,5,239,320
ACCOMACK COUNTY,1224,2234,3095
ACCOMACK COUNTY,354,743,1015
ACCOMACK COUNTY,383,915,1404
ACCOMACK COUNTY,231,607,832
ACCOMACK COUNTY,890,1997,3015
ACCOMACK COUNTY,,,
ALBEMARLE COUNTY,969,2402,3186
ALBEMARLE COUNTY,344,914,1509
ALBEMARLE COUNTY,615,1887,2798
ALBEMARLE COUNTY,1403,3084,3968
ALBEMARLE COUNTY,876,2406,3182
ALBEMARLE COUNTY,1384,2936,3867
ALBEMARLE COUNTY,322,2297,4289
ALBEMARLE COUNTY,827,2345,3777
ALBEMARLE COUNTY,1433,3431,4223
ALBEMARLE COUNTY,996,2620,3362
ALBEMARLE COUNTY,474,933,1114
ALBEMARLE COUNTY,1368,2536,3236
ALBEMARLE COUNTY,378,1321,1753
ALBEMARLE COUNTY,393,1088,1360
ALBEMARLE COUNTY,466,1485,1951
ALBEMARLE COUNTY,538,1274,1680
ALBEMARLE COUNTY,1663,3495,4633
ALBEMARLE COUNTY,1535,2998,3685
ALBEMARLE COUNTY,805,1651,2822
ALBEMARLE COUNTY,424,1272,1652
ALBEMARLE COUNTY,462,1388,1710
ALBEMARLE COUNTY,779,2543,3294
ALBEMARLE COUNTY,780,1860,2513
ALBEMARLE COUNTY,1476,4047,5284
ALBEMARLE COUNTY,894,1879,2257
ALBEMARLE COUNTY,1182,3232,4031
ALBEMARLE COUNTY,364,1271,1555
ALBEMARLE COUNTY,931,2860,3515
ALBEMARLE COUNTY,1162,2795,3472
ALBEMARLE COUNTY,1374,3342,4031
ALBEMARLE COUNTY,,,
ALEXANDRIA CITY,1768,3057,4132
ALEXANDRIA CITY,1603,2545,3285
ALEXANDRIA CITY,1595,3073,4299
ALEXANDRIA CITY,1268,2541,3501
ALEXANDRIA CITY,1142,2322,3328
ALEXANDRIA CITY,1127,3245,5284
ALEXANDRIA CITY,1643,3740,4955
ALEXANDRIA CITY,1822,3631,4796
ALEXANDRIA CITY,1057,2238,2971
ALEXANDRIA CITY,1586,3546,5194
ALEXANDRIA CITY,645,1663,2421
ALEXANDRIA CITY,1158,2300,2763
ALEXANDRIA CITY,1156,2596,3119
ALEXANDRIA CITY,960,2375,3142
ALEXANDRIA CITY,1128,2627,3286
ALEXANDRIA CITY,1492,3247,4522
ALEXANDRIA CITY,1305,2597,3830
ALEXANDRIA CITY,1452,3190,4399
ALEXANDRIA CITY,857,2188,3563
ALEXANDRIA CITY,1214,3002,4689
ALEXANDRIA CITY,765,1753,2928
ALEXANDRIA CITY,1357,2941,4135
ALEXANDRIA CITY,442,1413,2154
ALEXANDRIA CITY,878,2215,3997
ALEXANDRIA CITY,1009,2181,3687
ALEXANDRIA CITY,1057,2575,4658
ALEXANDRIA CITY,507,1943,3623
ALEXANDRIA CITY,676,1957,3146
ALEXANDRIA CITY,1167,2501,3973
ALEXANDRIA CITY,1439,3108,4172
ALEXANDRIA CITY,601,1686,2962
ALEXANDRIA CITY,490,1598,3446
ALEXANDRIA CITY,,,
ALLEGHANY COUNTY,259,908,1191
ALLEGHANY COUNTY,52,315,413
ALLEGHANY COUNTY,155,501,678
ALLEGHANY COUNTY,228,765,1004
ALLEGHANY COUNTY,144,459,589
ALLEGHANY COUNTY,235,758,971
ALLEGHANY COUNTY,147,564,739
ALLEGHANY COUNTY,246,794,1032
ALLEGHANY COUNTY,47,271,395
ALLEGHANY COUNTY,194,1008,1310
ALLEGHANY COUNTY,253,1030,1483
ALLEGHANY COUNTY,233,971,1594
ALLEGHANY COUNTY,,,
AMELIA COUNTY,548,1382,1897
AMELIA COUNTY,736,1645,2075
AMELIA COUNTY,748,1643,2160
AMELIA COUNTY,909,1729,2302
AMELIA COUNTY,643,1671,2179
AMELIA COUNTY,,,
AMHERST COUNTY,337,1134,1639
AMHERST COUNTY,672,1583,2136
AMHERST COUNTY,224,732,988
AMHERST COUNTY,1153,2463,3313
AMHERST COUNTY,332,965,1221
AMHERST COUNTY,343,996,1297
AMHERST COUNTY,925,2508,3129
AMHERST COUNTY,216,653,813
AMHERST COUNTY,919,2567,3494
AMHERST COUNTY,275,863,1248
AMHERST COUNTY,1059,3046,4449
AMHERST COUNTY,,,
APPOMATTOX COUNTY,286,679,865
APPOMATTOX COUNTY,480,1253,1687
APPOMATTOX COUNTY,118,407,604
APPOMATTOX COUNTY,703,1584,1990
APPOMATTOX COUNTY,355,957,1225
APPOMATTOX COUNTY,475,1197,1492
APPOMATTOX COUNTY,780,1733,2392
APPOMATTOX COUNTY,591,1346,1782
APPOMATTOX COUNTY,239,570,772
APPOMATTOX COUNTY,,,
ARLINGTON COUNTY,663,2073,3213
ARLINGTON COUNTY,1273,2709,3900
ARLINGTON COUNTY,801,1627,2163
ARLINGTON COUNTY,1284,2981,4260
ARLINGTON COUNTY,954,2382,3242
ARLINGTON COUNTY,1163,2328,3597
ARLINGTON COUNTY,1286,2650,3494
ARLINGTON COUNTY,1218,3038,4920
ARLINGTON COUNTY,1623,3116,4718
ARLINGTON COUNTY,1717,3582,5674
ARLINGTON COUNTY,835,1885,2384
ARLINGTON COUNTY,859,2296,2924
ARLINGTON COUNTY,570,1710,2397
ARLINGTON COUNTY,793,1955,2840
ARLINGTON COUNTY,584,1436,2049
ARLINGTON COUNTY,1428,3090,4330
ARLINGTON COUNTY,1356,2845,3635
ARLINGTON COUNTY,2510,4555,7312
ARLINGTON COUNTY,1622,3794,6051
ARLINGTON COUNTY,1456,2592,3243
ARLINGTON COUNTY,588,1366,1966
ARLINGTON COUNTY,1039,2492,3295
ARLINGTON COUNTY,965,2463,3185
ARLINGTON COUNTY,1516,3338,4507
ARLINGTON COUNTY,984,2431,3275
ARLINGTON COUNTY,1228,2723,4215
ARLINGTON COUNTY,1222,2738,3797
ARLINGTON COUNTY,1084,2894,4511
ARLINGTON COUNTY,1133,2520,3075
ARLINGTON COUNTY,969,2401,3699
ARLINGTON COUNTY,1243,2584,3163
ARLINGTON COUNTY,411,1048,1595
ARLINGTON COUNTY,1389,2685,3312
ARLINGTON COUNTY,1133,2322,2893
ARLINGTON COUNTY,1747,2872,3533
ARLINGTON COUNTY,1334,2742,3692
ARLINGTON COUNTY,1031,2364,2898
ARLINGTON COUNTY,889,2115,3681
ARLINGTON COUNTY,584,1485,1912
ARLINGTON COUNTY,1522,3512,5220
ARLINGTON COUNTY,1649,2930,4436
ARLINGTON COUNTY,921,2077,3202
ARLINGTON COUNTY,445,1789,3047
ARLINGTON COUNTY,820,1877,3038
ARLINGTON COUNTY,772,2058,3178
ARLINGTON COUNTY,1279,3270,5090
ARLINGTON COUNTY,777,1889,2769
ARLINGTON COUNTY,1201,2152,3181
ARLINGTON COUNTY,765,2053,3153
ARLINGTON COUNTY,1115,2525,4471
ARLINGTON COUNTY,138,681,908
ARLINGTON COUNTY,609,1823,3080
ARLINGTON COUNTY,1023,2613,4310
ARLINGTON COUNTY,547,1239,1972
ARLINGTON COUNTY,,0,
AUGUSTA COUNTY,537,1242,1634
AUGUSTA COUNTY,242,723,1123
AUGUSTA COUNTY,931,1722,2238
AUGUSTA COUNTY,783,1762,2616
AUGUSTA COUNTY,977,2641,3667
AUGUSTA COUNTY,467,1299,1547
AUGUSTA COUNTY,813,2191,2833
AUGUSTA COUNTY,840,1685,2091
AUGUSTA COUNTY,483,1337,1623
AUGUSTA COUNTY,238,1238,1541
AUGUSTA COUNTY,1285,2248,2927
AUGUSTA COUNTY,511,1419,1754
AUGUSTA COUNTY,663,1774,2184
AUGUSTA COUNTY,153,894,1292
AUGUSTA COUNTY,79,423,505
AUGUSTA COUNTY,813,1715,2161
AUGUSTA COUNTY,660,1968,2432
AUGUSTA COUNTY,201,776,957
AUGUSTA COUNTY,266,1083,1349
AUGUSTA COUNTY,1064,2637,3605
AUGUSTA COUNTY,396,1547,1988
AUGUSTA COUNTY,800,2260,2866
AUGUSTA COUNTY,385,1211,1542
AUGUSTA COUNTY,725,1775,2267
AUGUSTA COUNTY,588,1628,2089
AUGUSTA COUNTY,1435,3113,3972
AUGUSTA COUNTY,426,961,1196
AUGUSTA COUNTY,518,1337,1625
AUGUSTA COUNTY,,,
BATH COUNTY,179,460,605
BATH COUNTY,15,75,93
BATH COUNTY,142,437,664
BATH COUNTY,95,422,559
BATH COUNTY,22,96,129
BATH COUNTY,93,566,728
BATH COUNTY,112,546,718
BATH COUNTY,,,
BEDFORD COUNTY,677,2184,2941
BEDFORD COUNTY,174,948,1198
BEDFORD COUNTY,493,1545,2048
BEDFORD COUNTY,321,1263,1646
BEDFORD COUNTY,402,1087,1402
BEDFORD COUNTY,337,756,1043
BEDFORD COUNTY,466,1378,1798
BEDFORD COUNTY,919,2132,2846
BEDFORD COUNTY,490,1297,1693
BEDFORD COUNTY,765,1836,2282
BEDFORD COUNTY,1112,2369,2874
BEDFORD COUNTY,1097,1860,2418
BEDFORD COUNTY,436,1055,1261
BEDFORD COUNTY,364,885,1107
BEDFORD COUNTY,669,1380,1693
BEDFORD COUNTY,1093,2714,3358
BEDFORD COUNTY,808,2109,2585
BEDFORD COUNTY,818,2061,2728
BEDFORD COUNTY,272,866,1221
BEDFORD COUNTY,458,1264,1629
BEDFORD COUNTY,475,1056,1279
BEDFORD COUNTY,555,2076,2542
BEDFORD COUNTY,1277,3384,4075
BEDFORD COUNTY,443,1549,2051
BEDFORD COUNTY,493,1858,2481
BEDFORD COUNTY,487,1035,1344
BEDFORD COUNTY,1053,2051,2918
BEDFORD COUNTY,984,2349,2808
BEDFORD COUNTY,758,1353,1733
BEDFORD COUNTY,543,1115,1404
BEDFORD COUNTY,1097,1980,2704
BEDFORD COUNTY,154,539,678
BEDFORD COUNTY,,,
BLAND COUNTY,132,414,574
BLAND COUNTY,186,500,628
BLAND COUNTY,46,162,227
BLAND COUNTY,356,752,974
BLAND COUNTY,120,498,645
BLAND COUNTY,68,302,383
BLAND COUNTY,319,944,1292
BLAND COUNTY,,,
BOTETOURT COUNTY,1373,2894,3604
BOTETOURT COUNTY,1024,2109,2510
BOTETOURT COUNTY,735,2191,2701
BOTETOURT COUNTY,781,2247,2732
BOTETOURT COUNTY,658,1958,2508
BOTETOURT COUNTY,894,2136,2664
BOTETOURT COUNTY,437,1389,1736
BOTETOURT COUNTY,1630,2979,3637
BOTETOURT COUNTY,502,1300,1696
BOTETOURT COUNTY,1364,2869,3509
BOTETOURT COUNTY,,,
BRISTOL CITY,552,1506,2760
BRISTOL CITY,779,1770,3077
BRISTOL CITY,580,1257,2693
BRISTOL CITY,914,1943,2868
BRISTOL CITY,486,1055,1504
BRISTOL CITY,,,
BRUNSWICK COUNTY,94,383,570
BRUNSWICK COUNTY,207,623,887
BRUNSWICK COUNTY,253,802,1115
BRUNSWICK COUNTY,70,242,327
BRUNSWICK COUNTY,336,706,1148
BRUNSWICK COUNTY,211,612,873
BRUNSWICK COUNTY,37,153,230
BRUNSWICK COUNTY,236,739,1015
BRUNSWICK COUNTY,137,375,505
BRUNSWICK COUNTY,88,344,483
BRUNSWICK COUNTY,495,1124,1635
BRUNSWICK COUNTY,140,367,527
BRUNSWICK COUNTY,658,1338,2099
BRUNSWICK COUNTY,,,
BUCHANAN COUNTY,86,398,605
BUCHANAN COUNTY,197,990,1611
BUCHANAN COUNTY,14,123,198
BUCHANAN COUNTY,159,581,922
BUCHANAN COUNTY,151,688,1116
BUCHANAN COUNTY,201,782,1244
BUCHANAN COUNTY,206,681,1119
BUCHANAN COUNTY,233,691,1077
BUCHANAN COUNTY,27,82,137
BUCHANAN COUNTY,170,378,626
BUCHANAN COUNTY,143,600,901
BUCHANAN COUNTY,28,184,293
BUCHANAN COUNTY,192,580,855
BUCHANAN COUNTY,47,447,632
BUCHANAN COUNTY,125,599,897
BUCHANAN COUNTY,55,347,561
BUCHANAN COUNTY,148,705,1155
BUCHANAN COUNTY,129,610,894
BUCHANAN COUNTY,,,
BUCKINGHAM COUNTY,354,1165,1733
BUCKINGHAM COUNTY,474,1083,1604
BUCKINGHAM COUNTY,260,764,1048
BUCKINGHAM COUNTY,219,451,617
BUCKINGHAM COUNTY,592,1219,1715
BUCKINGHAM COUNTY,153,401,576
BUCKINGHAM COUNTY,295,767,1092
BUCKINGHAM COUNTY,226,649,884
BUCKINGHAM COUNTY,248,639,983
BUCKINGHAM COUNTY,340,840,1221
BUCKINGHAM COUNTY,,,
BUENA VISTA CITY,803,1609,2368
BUENA VISTA CITY,600,1277,2338
BUENA VISTA CITY,,,
CAMPBELL COUNTY,748,2343,3104
CAMPBELL COUNTY,782,2287,3097
CAMPBELL COUNTY,584,2158,3173
CAMPBELL COUNTY,853,2332,3097
CAMPBELL COUNTY,332,1166,1542
CAMPBELL COUNTY,577,1536,2077
CAMPBELL COUNTY,430,1642,2448
CAMPBELL COUNTY,768,1786,2236
CAMPBELL COUNTY,1626,3251,4398
CAMPBELL COUNTY,1070,2574,3826
CAMPBELL COUNTY,735,1724,2233
CAMPBELL COUNTY,769,1850,2722
CAMPBELL COUNTY,1081,2467,3239
CAMPBELL COUNTY,103,425,705
CAMPBELL COUNTY,1224,2742,3753
CAMPBELL COUNTY,426,1084,1449
CAMPBELL COUNTY,,,
CAROLINE COUNTY,898,1953,2662
CAROLINE COUNTY,419,1190,1566
CAROLINE COUNTY,365,1198,1655
CAROLINE COUNTY,807,2254,3042
CAROLINE COUNTY,260,738,1080
CAROLINE COUNTY,466,1565,2167
CAROLINE COUNTY,95,320,490
CAROLINE COUNTY,745,2238,3096
CAROLINE COUNTY,242,724,970
CAROLINE COUNTY,594,1438,1994
CAROLINE COUNTY,559,1289,1802
CAROLINE COUNTY,414,1629,2283
CAROLINE COUNTY,331,1226,1785
CAROLINE COUNTY,,,
CARROLL COUNTY,156,642,1019
CARROLL COUNTY,218,964,1344
CARROLL COUNTY,117,565,867
CARROLL COUNTY,428,959,1249
CARROLL COUNTY,751,1803,2470
CARROLL COUNTY,201,692,899
CARROLL COUNTY,311,954,1232
CARROLL COUNTY,789,2043,2798
CARROLL COUNTY,208,746,963
CARROLL COUNTY,102,426,534
CARROLL COUNTY,397,1500,2020
CARROLL COUNTY,710,1682,2370
CARROLL COUNTY,82,505,684
CARROLL COUNTY,438,1340,1817
CARROLL COUNTY,254,705,927
CARROLL COUNTY,176,760,1017
CARROLL COUNTY,,,
CHARLES CITY COUNTY,718,1574,2092
CHARLES CITY COUNTY,684,1404,1866
CHARLES CITY COUNTY,779,1491,1939
CHARLES CITY COUNTY,,,
CHARLOTTE COUNTY,446,955,1322
CHARLOTTE COUNTY,200,895,1296
CHARLOTTE COUNTY,291,751,1095
CHARLOTTE COUNTY,234,818,1193
CHARLOTTE COUNTY,313,802,1190
CHARLOTTE COUNTY,326,971,1290
CHARLOTTE COUNTY,389,859,1255
CHARLOTTE COUNTY,,,
CHARLOTTESVILLE CITY,1806,3348,4788
CHARLOTTESVILLE CITY,1318,2933,4363
CHARLOTTESVILLE CITY,822,2135,3625
CHARLOTTESVILLE CITY,423,2236,4755
CHARLOTTESVILLE CITY,1198,2786,4143
CHARLOTTESVILLE CITY,775,2541,4036
CHARLOTTESVILLE CITY,765,2130,3725
CHARLOTTESVILLE CITY,1614,3243,4058
CHARLOTTESVILLE CITY,944,2211,3462
CHARLOTTESVILLE CITY,,,
CHESAPEAKE CITY,1240,2246,3076
CHESAPEAKE CITY,929,2303,3074
CHESAPEAKE CITY,726,1709,2634
CHESAPEAKE CITY,1019,2138,2736
CHESAPEAKE CITY,681,1755,2844
CHESAPEAKE CITY,1020,1939,2802
CHESAPEAKE CITY,1058,2087,2806
CHESAPEAKE CITY,816,2335,3794
CHESAPEAKE CITY,1587,3244,4279
CHESAPEAKE CITY,350,1052,1769
CHESAPEAKE CITY,578,1565,2899
CHESAPEAKE CITY,915,1707,2534
CHESAPEAKE CITY,774,1882,2688
CHESAPEAKE CITY,2014,3493,4658
CHESAPEAKE CITY,1065,2505,4223
CHESAPEAKE CITY,1054,2452,3228
CHESAPEAKE CITY,662,1799,2346
CHESAPEAKE CITY,635,1657,2884
CHESAPEAKE CITY,631,1436,1902
CHESAPEAKE CITY,1154,2420,3082
CHESAPEAKE CITY,1043,2407,3342
CHESAPEAKE CITY,505,1387,2230
CHESAPEAKE CITY,1171,2431,3457
CHESAPEAKE CITY,615,1752,3231
CHESAPEAKE CITY,673,1687,2762
CHESAPEAKE CITY,237,905,1814
CHESAPEAKE CITY,853,2116,2917
CHESAPEAKE CITY,116,421,588
CHESAPEAKE CITY,795,1753,2523
CHESAPEAKE CITY,310,841,1575
CHESAPEAKE CITY,815,2057,3941
CHESAPEAKE CITY,1004,2295,4240
CHESAPEAKE CITY,364,1138,1825
CHESAPEAKE CITY,1534,3113,4089
CHESAPEAKE CITY,476,1382,2239
CHESAPEAKE CITY,1048,2187,3140
CHESAPEAKE CITY,1423,2626,3435
CHESAPEAKE CITY,1039,1955,2522
CHESAPEAKE CITY,830,1736,2462
CHESAPEAKE CITY,1696,3566,4913
CHESAPEAKE CITY,962,1952,2836
CHESAPEAKE CITY,1055,2101,2676
CHESAPEAKE CITY,786,1925,2678
CHESAPEAKE CITY,258,566,861
CHESAPEAKE CITY,981,2065,2749
CHESAPEAKE CITY,1068,2584,4141
CHESAPEAKE CITY,1169,2372,3154
CHESAPEAKE CITY,944,2210,3112
CHESAPEAKE CITY,1734,3630,4807
CHESAPEAKE CITY,950,2099,2855
CHESAPEAKE CITY,1165,2222,2999
CHESAPEAKE CITY,833,1964,3088
CHESAPEAKE CITY,852,1387,1933
CHESAPEAKE CITY,884,1913,2890
CHESAPEAKE CITY,844,1998,3317
CHESAPEAKE CITY,349,805,1197
CHESAPEAKE CITY,932,2104,2805
CHESAPEAKE CITY,1327,2420,3101
CHESAPEAKE CITY,1438,2896,3728
CHESAPEAKE CITY,857,2246,2905
CHESAPEAKE CITY,818,1592,2080
CHESAPEAKE CITY,1258,2655,3850
CHESAPEAKE CITY,1243,2537,3339
CHESAPEAKE CITY,437,1161,1936
CHESAPEAKE CITY,,,
CHESTERFIELD COUNTY,543,1671,2717
CHESTERFIELD COUNTY,1003,2562,3920
CHESTERFIELD COUNTY,1722,4191,5767
CHESTERFIELD COUNTY,1354,3261,4539
CHESTERFIELD COUNTY,674,1765,3282
CHESTERFIELD COUNTY,1718,3686,5209
CHESTERFIELD COUNTY,2408,4454,5921
CHESTERFIELD COUNTY,1870,4344,5932
CHESTERFIELD COUNTY,714,1823,2355
CHESTERFIELD COUNTY,1452,2501,3260
CHESTERFIELD COUNTY,1148,2303,3054
CHESTERFIELD COUNTY,1345,2554,3512
CHESTERFIELD COUNTY,1329,2883,4368
CHESTERFIELD COUNTY,458,808,1034
CHESTERFIELD COUNTY,1582,3220,4508
CHESTERFIELD COUNTY,1237,2571,3784
CHESTERFIELD COUNTY,1399,2595,4131
CHESTERFIELD COUNTY,1663,3371,5114
CHESTERFIELD COUNTY,1401,2681,3922
CHESTERFIELD COUNTY,1243,2720,3873
CHESTERFIELD COUNTY,2056,4045,5348
CHESTERFIELD COUNTY,2778,4343,5308
CHESTERFIELD COUNTY,855,1602,2262
CHESTERFIELD COUNTY,501,1337,1784
CHESTERFIELD COUNTY,589,1294,1968
CHESTERFIELD COUNTY,135,326,552
CHESTERFIELD COUNTY,1677,3411,4596
CHESTERFIELD COUNTY,895,2073,3400
CHESTERFIELD COUNTY,1143,3408,6165
CHESTERFIELD COUNTY,1909,3513,4793
CHESTERFIELD COUNTY,1153,2355,2933
CHESTERFIELD COUNTY,551,1114,1343
CHESTERFIELD COUNTY,1794,3432,4154
CHESTERFIELD COUNTY,1420,3002,3787
CHESTERFIELD COUNTY,1442,3033,3640
CHESTERFIELD COUNTY,1561,2873,3544
CHESTERFIELD COUNTY,957,1772,2165
CHESTERFIELD COUNTY,1799,3313,4092
CHESTERFIELD COUNTY,1329,2839,3718
CHESTERFIELD COUNTY,2826,5810,7090
CHESTERFIELD COUNTY,2590,4837,5999
CHESTERFIELD COUNTY,1216,2234,3171
CHESTERFIELD COUNTY,2121,3984,4858
CHESTERFIELD COUNTY,857,1827,2290
CHESTERFIELD COUNTY,1371,2634,3572
CHESTERFIELD COUNTY,1368,3101,3936
CHESTERFIELD COUNTY,1261,2568,3488
CHESTERFIELD COUNTY,1684,2741,3525
CHESTERFIELD COUNTY,788,1554,2156
CHESTERFIELD COUNTY,232,570,803
CHESTERFIELD COUNTY,1212,2658,3375
CHESTERFIELD COUNTY,1701,3510,4765
CHESTERFIELD COUNTY,978,2250,3073
CHESTERFIELD COUNTY,2110,4376,6285
CHESTERFIELD COUNTY,1501,2830,3573
CHESTERFIELD COUNTY,930,1996,2438
CHESTERFIELD COUNTY,955,1837,2656
CHESTERFIELD COUNTY,1302,2792,3472
CHESTERFIELD COUNTY,2248,4047,4813
CHESTERFIELD COUNTY,1895,4254,5440
CHESTERFIELD COUNTY,1576,3546,4533
CHESTERFIELD COUNTY,2141,4484,5373
CHESTERFIELD COUNTY,1213,2778,3259
CHESTERFIELD COUNTY,980,2637,3410
CHESTERFIELD COUNTY,1616,3765,4437
CHESTERFIELD COUNTY,1368,3018,4150
CHESTERFIELD COUNTY,604,1784,2626
CHESTERFIELD COUNTY,729,1285,1502
CHESTERFIELD COUNTY,783,1873,2142
CHESTERFIELD COUNTY,483,1442,2349
CHESTERFIELD COUNTY,1639,3491,4293
CHESTERFIELD COUNTY,969,2181,3579
CHESTERFIELD COUNTY,429,883,1211
CHESTERFIELD COUNTY,1019,2609,3031
CHESTERFIELD COUNTY,1753,3522,4391
CHESTERFIELD COUNTY,103,261,338
CHESTERFIELD COUNTY,841,1756,2115
CHESTERFIELD COUNTY,1305,3221,4070
CHESTERFIELD COUNTY,,,
CLARKE COUNTY,1065,2098,2686
CLARKE COUNTY,926,1892,2572
CLARKE COUNTY,786,1565,2016
CLARKE COUNTY,279,645,812
CLARKE COUNTY,776,1859,2428
CLARKE COUNTY,640,1315,1745
CLARKE COUNTY,175,519,661
CLARKE COUNTY,,,
COLONIAL HEIGHTS CITY,513,1258,2134
COLONIAL HEIGHTS CITY,675,1572,2554
COLONIAL HEIGHTS CITY,840,1735,2711
COLONIAL HEIGHTS CITY,1226,2297,3310
COLONIAL HEIGHTS CITY,1119,2145,2754
COLONIAL HEIGHTS CITY,,,
COVINGTON CITY,114,421,710
COVINGTON CITY,150,484,771
COVINGTON CITY,109,382,755
COVINGTON CITY,188,616,839
COVINGTON CITY,145,589,827
COVINGTON CITY,,,
CRAIG COUNTY,255,583,760
CRAIG COUNTY,229,650,795
CRAIG COUNTY,50,381,490
CRAIG COUNTY,100,287,351
CRAIG COUNTY,119,291,374
CRAIG COUNTY,7,62,81
CRAIG COUNTY,118,311,402
CRAIG COUNTY,284,589,773
CRAIG COUNTY,,,
CULPEPER COUNTY,1678,3475,4986
CULPEPER COUNTY,1312,2897,4519
CULPEPER COUNTY,685,1608,2080
CULPEPER COUNTY,627,1502,2127
CULPEPER COUNTY,387,902,1325
CULPEPER COUNTY,697,1805,2353
CULPEPER COUNTY,1458,3034,3840
CULPEPER COUNTY,979,2740,3483
CULPEPER COUNTY,1097,2364,2973
CULPEPER COUNTY,98,346,461
CULPEPER COUNTY,1323,2702,3581
CULPEPER COUNTY,301,759,1149
CULPEPER COUNTY,1284,2951,3939
CULPEPER COUNTY,356,1061,1426
CULPEPER COUNTY,173,703,889
CULPEPER COUNTY,,,
CUMBERLAND COUNTY,392,1205,1593
CUMBERLAND COUNTY,541,1139,1599
CUMBERLAND COUNTY,529,1108,1623
CUMBERLAND COUNTY,393,1107,1556
CUMBERLAND COUNTY,264,964,1393
CUMBERLAND COUNTY,,,
DANVILLE CITY,195,562,1004
DANVILLE CITY,241,560,987
DANVILLE CITY,515,1028,1756
DANVILLE CITY,834,2042,3366
DANVILLE CITY,150,531,976
DANVILLE CITY,301,907,1841
DANVILLE CITY,308,876,1524
DANVILLE CITY,324,853,1342
DANVILLE CITY,452,1180,1856
DANVILLE CITY,669,1574,2639
DANVILLE CITY,677,1629,2478
DANVILLE CITY,571,1474,2438
DANVILLE CITY,72,210,393
DANVILLE CITY,541,1407,2225
DANVILLE CITY,621,1618,2368
DANVILLE CITY,704,1498,2007
DANVILLE CITY,,,
DICKENSON COUNTY,755,1463,2086
DICKENSON COUNTY,132,476,725
DICKENSON COUNTY,39,183,264
DICKENSON COUNTY,208,638,960
DICKENSON COUNTY,21,207,289
DICKENSON COUNTY,80,437,597
DICKENSON COUNTY,161,445,645
DICKENSON COUNTY,147,375,557
DICKENSON COUNTY,375,1374,2043
DICKENSON COUNTY,89,297,462
DICKENSON COUNTY,589,1213,1685
DICKENSON COUNTY,,,
DINWIDDIE COUNTY,172,602,802
DINWIDDIE COUNTY,407,1047,1451
DINWIDDIE COUNTY,613,1560,1996
DINWIDDIE COUNTY,319,833,1292
DINWIDDIE COUNTY,922,2264,3111
DINWIDDIE COUNTY,187,686,900
DINWIDDIE COUNTY,411,1115,1529
DINWIDDIE COUNTY,828,1710,2304
DINWIDDIE COUNTY,851,1693,2274
DINWIDDIE COUNTY,339,978,1436
DINWIDDIE COUNTY,239,631,838
DINWIDDIE COUNTY,276,684,1149
DINWIDDIE COUNTY,758,1893,2799
DINWIDDIE COUNTY,,,
EMPORIA CITY,93,393,688
EMPORIA CITY,60,234,488
EMPORIA CITY,120,355,610
EMPORIA CITY,102,361,575
EMPORIA CITY,67,222,506
EMPORIA CITY,140,399,646
EMPORIA CITY,56,234,510
EMPORIA CITY,,,
ESSEX COUNTY,660,1323,1964
ESSEX COUNTY,782,1570,2208
ESSEX COUNTY,751,1652,2196
ESSEX COUNTY,759,1557,2131
ESSEX COUNTY,,,
FAIRFAX CITY,939,2014,2817
FAIRFAX CITY,1225,2467,3230
FAIRFAX CITY,1418,2977,4099
FAIRFAX CITY,1344,2173,2928
FAIRFAX CITY,967,2106,3005
FAIRFAX CITY,853,2037,2916
FAIRFAX CITY,,,
FAIRFAX COUNTY,783,2106,2624
FAIRFAX COUNTY,1884,4005,5241
FAIRFAX COUNTY,735,2772,4516
FAIRFAX COUNTY,1028,2646,3413
FAIRFAX COUNTY,430,1310,1771
FAIRFAX COUNTY,1071,3484,4807
FAIRFAX COUNTY,1279,3230,4079
FAIRFAX COUNTY,723,1914,2466
FAIRFAX COUNTY,383,1492,1926
FAIRFAX COUNTY,723,1996,2520
FAIRFAX COUNTY,537,1590,2156
FAIRFAX COUNTY,1253,3356,4623
FAIRFAX COUNTY,1296,3380,4522
FAIRFAX COUNTY,341,877,1152
FAIRFAX COUNTY,550,1808,2493
FAIRFAX COUNTY,1624,3899,5176
FAIRFAX COUNTY,1142,2740,3437
FAIRFAX COUNTY,688,2035,2702
FAIRFAX COUNTY,1530,3708,5174
FAIRFAX COUNTY,715,1918,2666
FAIRFAX COUNTY,535,1496,1972
FAIRFAX COUNTY,783,2016,2589
FAIRFAX COUNTY,566,1401,2292
FAIRFAX COUNTY,1912,3736,5903
FAIRFAX COUNTY,126,1113,2558
FAIRFAX COUNTY,1067,2281,2894
FAIRFAX COUNTY,389,901,1158
FAIRFAX COUNTY,887,1794,2244
FAIRFAX COUNTY,800,1682,2181
FAIRFAX COUNTY,1457,3220,4297
FAIRFAX COUNTY,547,1327,1643
FAIRFAX COUNTY,1319,3223,4124
FAIRFAX COUNTY,237,779,1103
FAIRFAX COUNTY,1534,3576,5413
FAIRFAX COUNTY,1391,3388,4649
FAIRFAX COUNTY,1401,3614,4619
FAIRFAX COUNTY,1225,2931,3711
FAIRFAX COUNTY,419,1346,1778
FAIRFAX COUNTY,799,2116,2670
FAIRFAX COUNTY,554,1601,2317
FAIRFAX COUNTY,1351,3552,5039
FAIRFAX COUNTY,1131,2460,2963
FAIRFAX COUNTY,719,1881,2496
FAIRFAX COUNTY,1377,3240,4195
FAIRFAX COUNTY,1636,3935,5233
FAIRFAX COUNTY,1260,3196,4699
FAIRFAX COUNTY,1169,3062,3805
FAIRFAX COUNTY,801,1822,2286
FAIRFAX COUNTY,1434,3484,4376
FAIRFAX COUNTY,1104,2174,2727
FAIRFAX COUNTY,1177,2520,3229
FAIRFAX COUNTY,961,2579,3649
FAIRFAX COUNTY,487,1196,1520
FAIRFAX COUNTY,1130,3323,5035
FAIRFAX COUNTY,2086,3702,5335
FAIRFAX COUNTY,1000,2134,2734
FAIRFAX COUNTY,526,1358,1694
FAIRFAX COUNTY,626,1507,1880
FAIRFAX COUNTY,396,875,1131
FAIRFAX COUNTY,226,490,617
FAIRFAX COUNTY,399,898,1159
FAIRFAX COUNTY,1444,3066,4164
FAIRFAX COUNTY,1070,2342,2935
FAIRFAX COUNTY,577,1393,1821
FAIRFAX COUNTY,935,1958,2671
FAIRFAX COUNTY,927,2123,2708
FAIRFAX COUNTY,953,1808,2384
FAIRFAX COUNTY,1525,3500,4349
FAIRFAX COUNTY,1584,3290,4506
FAIRFAX COUNTY,838,1867,2444
FAIRFAX COUNTY,787,1794,2395
FAIRFAX COUNTY,907,2259,2945
FAIRFAX COUNTY,1251,2270,3096
FAIRFAX COUNTY,1166,2774,3852
FAIRFAX COUNTY,1073,2410,3141
FAIRFAX COUNTY,376,871,1090
FAIRFAX COUNTY,550,1314,1719
FAIRFAX COUNTY,1471,3380,4551
FAIRFAX COUNTY,1468,3375,4812
FAIRFAX COUNTY,1431,3420,4374
FAIRFAX COUNTY,1393,2777,3668
FAIRFAX COUNTY,760,1909,2463
FAIRFAX COUNTY,1235,3024,4552
FAIRFAX COUNTY,493,1741,2845
FAIRFAX COUNTY,1398,3049,3951
FAIRFAX COUNTY,1668,2905,3803
FAIRFAX COUNTY,1318,2958,3921
FAIRFAX COUNTY,912,1930,2522
FAIRFAX COUNTY,1460,4498,7203
FAIRFAX COUNTY,1093,2923,3903
FAIRFAX COUNTY,284,969,1325
FAIRFAX COUNTY,362,1093,1602
FAIRFAX COUNTY,641,1520,2103
FAIRFAX COUNTY,496,1491,2503
FAIRFAX COUNTY,733,2072,2618
FAIRFAX COUNTY,761,2291,3457
FAIRFAX COUNTY,865,3008,4663
FAIRFAX COUNTY,1383,3918,5412
FAIRFAX COUNTY,569,1952,2724
FAIRFAX COUNTY,540,1865,3216
FAIRFAX COUNTY,515,2119,3102
FAIRFAX COUNTY,884,2869,4527
FAIRFAX COUNTY,333,1534,2326
FAIRFAX COUNTY,632,1966,2822
FAIRFAX COUNTY,1552,3897,5365
FAIRFAX COUNTY,1116,2846,4163
FAIRFAX COUNTY,1180,3032,4388
FAIRFAX COUNTY,771,2344,3093
FAIRFAX COUNTY,812,2285,2994
FAIRFAX COUNTY,252,1622,1894
FAIRFAX COUNTY,754,2348,3122
FAIRFAX COUNTY,870,2341,3890
FAIRFAX COUNTY,751,2443,4360
FAIRFAX COUNTY,1116,2602,3372
FAIRFAX COUNTY,1070,2740,3946
FAIRFAX COUNTY,25,120,198
FAIRFAX COUNTY,1039,2803,4225
FAIRFAX COUNTY,601,1247,1530
FAIRFAX COUNTY,706,1500,1888
FAIRFAX COUNTY,552,1990,3182
FAIRFAX COUNTY,732,2271,3537
FAIRFAX COUNTY,161,537,905
FAIRFAX COUNTY,1051,2678,4119
FAIRFAX COUNTY,714,1782,2378
FAIRFAX COUNTY,98,793,1304
FAIRFAX COUNTY,615,1816,2578
FAIRFAX COUNTY,589,1505,1935
FAIRFAX COUNTY,1145,2710,3529
FAIRFAX COUNTY,903,2175,2871
FAIRFAX COUNTY,233,952,1428
FAIRFAX COUNTY,448,1423,2020
FAIRFAX COUNTY,745,2404,3846
FAIRFAX COUNTY,401,1287,2254
FAIRFAX COUNTY,688,2052,3257
FAIRFAX COUNTY,776,1927,3407
FAIRFAX COUNTY,563,1736,2653
FAIRFAX COUNTY,640,1842,2270
FAIRFAX COUNTY,835,2261,3180
FAIRFAX COUNTY,1265,2989,4339
FAIRFAX COUNTY,922,3034,4554
FAIRFAX COUNTY,455,1707,2503
FAIRFAX COUNTY,178,507,634
FAIRFAX COUNTY,423,1294,2093
FAIRFAX COUNTY,600,1663,2478
FAIRFAX COUNTY,1097,2767,3739
FAIRFAX COUNTY,898,2174,2965
FAIRFAX COUNTY,816,1896,2551
FAIRFAX COUNTY,1152,3000,4895
FAIRFAX COUNTY,1077,2208,2737
FAIRFAX COUNTY,1306,2527,3110
FAIRFAX COUNTY,1213,3085,4952
FAIRFAX COUNTY,890,1810,2353
FAIRFAX COUNTY,974,2007,2579
FAIRFAX COUNTY,908,1813,2615
FAIRFAX COUNTY,1380,2814,3404
FAIRFAX COUNTY,513,1251,1542
FAIRFAX COUNTY,1336,2924,3668
FAIRFAX COUNTY,879,1850,2372
FAIRFAX COUNTY,1053,2489,3535
FAIRFAX COUNTY,805,1993,3415
FAIRFAX COUNTY,1313,2901,4565
FAIRFAX COUNTY,548,1856,2482
FAIRFAX COUNTY,685,1982,3346
FAIRFAX COUNTY,1141,2946,4596
FAIRFAX COUNTY,771,2239,3249
FAIRFAX COUNTY,509,1501,2475
FAIRFAX COUNTY,908,2518,3725
FAIRFAX COUNTY,892,2037,2755
FAIRFAX COUNTY,814,1921,2599
FAIRFAX COUNTY,815,1855,2623
FAIRFAX COUNTY,436,899,1180
FAIRFAX COUNTY,122,275,362
FAIRFAX COUNTY,936,2480,3605
FAIRFAX COUNTY,587,1771,3325
FAIRFAX COUNTY,451,1164,1824
FAIRFAX COUNTY,1629,3776,5443
FAIRFAX COUNTY,754,2024,2774
FAIRFAX COUNTY,1156,2897,3935
FAIRFAX COUNTY,823,2099,2667
FAIRFAX COUNTY,1847,4114,5828
FAIRFAX COUNTY,715,1887,2971
FAIRFAX COUNTY,721,1885,2655
FAIRFAX COUNTY,646,1810,2448
FAIRFAX COUNTY,537,1313,1625
FAIRFAX COUNTY,976,2641,3744
FAIRFAX COUNTY,1184,2956,4187
FAIRFAX COUNTY,782,1945,2823
FAIRFAX COUNTY,1001,2575,3229
FAIRFAX COUNTY,1364,3312,5027
FAIRFAX COUNTY,684,1855,2929
FAIRFAX COUNTY,1584,3765,5666
FAIRFAX COUNTY,997,2264,2833
FAIRFAX COUNTY,1561,3120,4228
FAIRFAX COUNTY,846,2092,3502
FAIRFAX COUNTY,1517,3336,4376
FAIRFAX COUNTY,1468,3646,5171
FAIRFAX COUNTY,1362,2353,3226
FAIRFAX COUNTY,253,995,1573
FAIRFAX COUNTY,119,401,844
FAIRFAX COUNTY,329,750,1216
FAIRFAX COUNTY,651,1677,2878
FAIRFAX COUNTY,930,2139,3120
FAIRFAX COUNTY,573,1332,1952
FAIRFAX COUNTY,1059,2181,2764
FAIRFAX COUNTY,777,1643,2050
FAIRFAX COUNTY,754,1396,1698
FAIRFAX COUNTY,1085,2696,3503
FAIRFAX COUNTY,734,1972,2585
FAIRFAX COUNTY,645,1683,2413
FAIRFAX COUNTY,1041,2476,3286
FAIRFAX COUNTY,687,1426,1747
FAIRFAX COUNTY,1404,3425,4379
FAIRFAX COUNTY,998,2457,3127
FAIRFAX COUNTY,837,2599,3571
FAIRFAX COUNTY,849,2032,2537
FAIRFAX COUNTY,1356,3049,3854
FAIRFAX COUNTY,599,1365,1789
FAIRFAX COUNTY,781,1958,2527
FAIRFAX COUNTY,985,2719,3892
FAIRFAX COUNTY,1113,2413,3999
FAIRFAX COUNTY,1431,3144,4088
FAIRFAX COUNTY,1113,2883,4259
FAIRFAX COUNTY,725,2010,2767
FAIRFAX COUNTY,1530,3231,4853
FAIRFAX COUNTY,1041,2396,3029
FAIRFAX COUNTY,1277,2563,3229
FAIRFAX COUNTY,401,1037,1347
FAIRFAX COUNTY,1113,2405,3184
FAIRFAX COUNTY,999,2958,4133
FAIRFAX COUNTY,1083,3063,4346
FAIRFAX COUNTY,58,167,209
FAIRFAX COUNTY,77,182,219
FAIRFAX COUNTY,913,1868,2323
FAIRFAX COUNTY,475,1037,1307
FAIRFAX COUNTY,775,1811,2534
FAIRFAX COUNTY,637,1383,1840
FAIRFAX COUNTY,1120,2709,4101
FAIRFAX COUNTY,1058,3301,4945
FAIRFAX COUNTY,1869,3893,5258
FAIRFAX COUNTY,609,1443,2093
FAIRFAX COUNTY,994,2396,2988
FAIRFAX COUNTY,876,2049,2563
FAIRFAX COUNTY,759,1855,2327
FAIRFAX COUNTY,1143,3183,4672
FAIRFAX COUNTY,1453,3405,4462
FAIRFAX COUNTY,1860,4120,5290
FAIRFAX COUNTY,1011,2342,2948
FAIRFAX COUNTY,1088,2403,3128
FAIRFAX COUNTY,1766,3821,4760
FAIRFAX COUNTY,1323,3088,4422
FAIRFAX COUNTY,1394,3726,5593
FAIRFAX COUNTY,1357,3536,5094
FAIRFAX COUNTY,762,1788,2498
FAIRFAX COUNTY,1236,2773,3666
FAIRFAX COUNTY,1029,2260,2956
FAIRFAX COUNTY,770,1715,2770
FAIRFAX COUNTY,551,1538,2148
FAIRFAX COUNTY,1179,3469,5191
FAIRFAX COUNTY,948,2477,3519
FAIRFAX COUNTY,994,2489,3152
FAIRFAX COUNTY,211,460,598
FAIRFAX COUNTY,761,1974,2613
FAIRFAX COUNTY,334,1125,1580
FAIRFAX COUNTY,226,579,1033
FAIRFAX COUNTY,,,
FALLS CHURCH CITY,1497,2917,3851
FALLS CHURCH CITY,1639,2905,3923
FALLS CHURCH CITY,1874,3272,4155
FALLS CHURCH CITY,,,
FAUQUIER COUNTY,705,1431,1839
FAUQUIER COUNTY,1286,2701,3567
FAUQUIER COUNTY,1619,2976,3787
FAUQUIER COUNTY,544,1193,1497
FAUQUIER COUNTY,576,1266,1651
FAUQUIER COUNTY,618,1277,1717
FAUQUIER COUNTY,537,1050,1466
FAUQUIER COUNTY,522,1161,1563
FAUQUIER COUNTY,659,1212,1589
FAUQUIER COUNTY,634,1135,1513
FAUQUIER COUNTY,1170,2443,3051
FAUQUIER COUNTY,1200,2670,3671
FAUQUIER COUNTY,1056,2513,3405
FAUQUIER COUNTY,1072,2334,3415
FAUQUIER COUNTY,111,290,408
FAUQUIER COUNTY,1155,2659,3492
FAUQUIER COUNTY,1163,2833,3628
FAUQUIER COUNTY,1542,2875,3577
FAUQUIER COUNTY,624,1189,1533
FAUQUIER COUNTY,510,1222,1591
FAUQUIER COUNTY,1635,3243,4106
FAUQUIER COUNTY,1102,2091,2541
FAUQUIER COUNTY,1888,3053,3803
FAUQUIER COUNTY,52,159,218
FAUQUIER COUNTY,,,
FLOYD COUNTY,750,1939,2515
FLOYD COUNTY,964,1983,2471
FLOYD COUNTY,949,1868,2427
FLOYD COUNTY,919,1930,2506
FLOYD COUNTY,785,1973,2415
FLOYD COUNTY,,,
FLUVANNA COUNTY,1731,3292,4285
FLUVANNA COUNTY,1386,3117,4103
FLUVANNA COUNTY,1577,3298,4431
FLUVANNA COUNTY,1900,3381,4299
FLUVANNA COUNTY,2391,3802,4811
FLUVANNA COUNTY,,,
FRANKLIN CITY,413,913,1161
FRANKLIN CITY,313,845,1202
FRANKLIN CITY,194,522,892
FRANKLIN CITY,184,513,985
FRANKLIN CITY,164,479,887
FRANKLIN CITY,269,654,1030
FRANKLIN CITY,,,
FRANKLIN COUNTY,1120,3017,3813
FRANKLIN COUNTY,1147,2776,3368
FRANKLIN COUNTY,327,978,1290
FRANKLIN COUNTY,579,1395,1740
FRANKLIN COUNTY,399,1151,1574
FRANKLIN COUNTY,468,1462,1893
FRANKLIN COUNTY,220,825,1111
FRANKLIN COUNTY,235,799,1106
FRANKLIN COUNTY,510,1518,2185
FRANKLIN COUNTY,288,859,1135
FRANKLIN COUNTY,288,1064,1481
FRANKLIN COUNTY,284,1001,1489
FRANKLIN COUNTY,131,616,833
FRANKLIN COUNTY,277,885,1269
FRANKLIN COUNTY,481,1512,1927
FRANKLIN COUNTY,480,1458,1827
FRANKLIN COUNTY,542,1548,2012
FRANKLIN COUNTY,691,1991,2702
FRANKLIN COUNTY,449,1528,1944
FRANKLIN COUNTY,224,1040,1309
FRANKLIN COUNTY,482,1269,1891
FRANKLIN COUNTY,576,1466,2094
FRANKLIN COUNTY,450,1025,1421
FRANKLIN COUNTY,,,
FREDERICK COUNTY,1191,2535,3311
FREDERICK COUNTY,807,2566,3727
FREDERICK COUNTY,1182,2483,3219
FREDERICK COUNTY,303,905,1153
FREDERICK COUNTY,253,944,1376
FREDERICK COUNTY,725,1627,2185
FREDERICK COUNTY,1169,1989,2561
FREDERICK COUNTY,1428,2987,4111
FREDERICK COUNTY,964,1704,2342
FREDERICK COUNTY,685,1279,1677
FREDERICK COUNTY,874,1976,2794
FREDERICK COUNTY,215,601,1142
FREDERICK COUNTY,1081,2739,3692
FREDERICK COUNTY,252,700,1289
FREDERICK COUNTY,570,1106,1660
FREDERICK COUNTY,698,1814,2438
FREDERICK COUNTY,1359,2810,3916
FREDERICK COUNTY,778,2245,3405
FREDERICK COUNTY,895,2040,2744
FREDERICK COUNTY,472,1315,1978
FREDERICK COUNTY,611,1836,2815
FREDERICK COUNTY,1580,2774,3441
FREDERICK COUNTY,962,2252,3023
FREDERICK COUNTY,514,1298,1703
FREDERICK COUNTY,762,2046,2985
FREDERICK COUNTY,903,2184,3449
FREDERICK COUNTY,1142,2710,3638
FREDERICK COUNTY,276,697,977
FREDERICK COUNTY,129,223,330
FREDERICK COUNTY,,,
FREDERICKSBURG CITY,1214,3161,5021
FREDERICKSBURG CITY,1321,3356,4552
FREDERICKSBURG CITY,1534,3707,5614
FREDERICKSBURG CITY,759,1870,2915
FREDERICKSBURG CITY,594,1634,2882
FREDERICKSBURG CITY,,,
GALAX CITY,514,1216,1989
GALAX CITY,720,1530,2261
GALAX CITY,,,
GILES COUNTY,47,150,204
GILES COUNTY,185,586,944
GILES COUNTY,849,1870,2626
GILES COUNTY,1325,2481,3373
GILES COUNTY,129,415,542
GILES COUNTY,57,244,308
GILES COUNTY,248,722,920
GILES COUNTY,729,1859,2442
GILES COUNTY,315,986,1193
GILES COUNTY,,,
GLOUCESTER COUNTY,719,1729,2329
GLOUCESTER COUNTY,475,1440,1992
GLOUCESTER COUNTY,472,1289,1730
GLOUCESTER COUNTY,1013,1946,2497
GLOUCESTER COUNTY,1298,2762,3708
GLOUCESTER COUNTY,1311,2983,3952
GLOUCESTER COUNTY,867,1954,2641
GLOUCESTER COUNTY,848,2364,3433
GLOUCESTER COUNTY,624,1975,2725
GLOUCESTER COUNTY,1027,2940,3858
GLOUCESTER COUNTY,755,1906,2631
GLOUCESTER COUNTY,,,
GOOCHLAND COUNTY,680,1504,1921
GOOCHLAND COUNTY,853,1898,2417
GOOCHLAND COUNTY,989,1637,2064
GOOCHLAND COUNTY,1013,1729,2127
GOOCHLAND COUNTY,1349,2118,2505
GOOCHLAND COUNTY,795,1444,1693
GOOCHLAND COUNTY,468,1022,1236
GOOCHLAND COUNTY,1356,2579,2914
GOOCHLAND COUNTY,364,1245,1560
GOOCHLAND COUNTY,937,2065,2401
GOOCHLAND COUNTY,1137,2585,3018
GOOCHLAND COUNTY,,,
GRAYSON COUNTY,219,536,685
GRAYSON COUNTY,54,205,274
GRAYSON COUNTY,103,362,464
GRAYSON COUNTY,76,221,322
GRAYSON COUNTY,28,251,382
GRAYSON COUNTY,49,247,326
GRAYSON COUNTY,24,142,200
GRAYSON COUNTY,67,191,248
GRAYSON COUNTY,246,612,788
GRAYSON COUNTY,661,1355,1858
GRAYSON COUNTY,337,905,1207
GRAYSON COUNTY,368,1188,1685
GRAYSON COUNTY,105,497,719
GRAYSON COUNTY,286,1011,1364
GRAYSON COUNTY,106,433,664
GRAYSON COUNTY,,,
GREENE COUNTY,488,1100,1399
GREENE COUNTY,854,1798,2403
GREENE COUNTY,1233,2837,3915
GREENE COUNTY,1712,2966,3827
GREENE COUNTY,90,165,237
GREENE COUNTY,1743,3320,4267
GREENE COUNTY,,,
GREENSVILLE COUNTY,95,359,547
GREENSVILLE COUNTY,56,188,275
GREENSVILLE COUNTY,167,485,862
GREENSVILLE COUNTY,165,505,811
GREENSVILLE COUNTY,234,704,1006
GREENSVILLE COUNTY,261,814,1280
GREENSVILLE COUNTY,78,316,425
GREENSVILLE COUNTY,145,533,797
GREENSVILLE COUNTY,169,423,575
GREENSVILLE COUNTY,,,
HALIFAX COUNTY,225,824,1117
HALIFAX COUNTY,130,422,593
HALIFAX COUNTY,292,943,1360
HALIFAX COUNTY,252,622,845
HALIFAX COUNTY,182,573,777
HALIFAX COUNTY,300,916,1291
HALIFAX COUNTY,117,364,558
HALIFAX COUNTY,223,656,920
HALIFAX COUNTY,663,1265,2003
HALIFAX COUNTY,685,1122,1595
HALIFAX COUNTY,658,1229,1732
HALIFAX COUNTY,694,1421,2103
HALIFAX COUNTY,280,778,1013
HALIFAX COUNTY,423,930,1293
HALIFAX COUNTY,435,1223,1705
HALIFAX COUNTY,130,412,577
HALIFAX COUNTY,564,1278,1666
HALIFAX COUNTY,249,807,1050
HALIFAX COUNTY,157,577,802
HALIFAX COUNTY,804,1667,2791
HALIFAX COUNTY,,,
HAMPTON CITY,785,2050,3515
HAMPTON CITY,760,1901,3339
HAMPTON CITY,574,1403,2810
HAMPTON CITY,1090,3098,6374
HAMPTON CITY,539,1854,4967
HAMPTON CITY,929,2177,3476
HAMPTON CITY,802,1897,2884
HAMPTON CITY,1053,2385,4485
HAMPTON CITY,837,2301,4066
HAMPTON CITY,194,574,903
HAMPTON CITY,393,848,1363
HAMPTON CITY,1047,2734,4646
HAMPTON CITY,495,1357,1953
HAMPTON CITY,353,1069,1794
HAMPTON CITY,675,1829,3286
HAMPTON CITY,870,2293,3823
HAMPTON CITY,864,2420,3633
HAMPTON CITY,949,2476,3901
HAMPTON CITY,603,1851,3211
HAMPTON CITY,705,1888,3010
HAMPTON CITY,1294,3430,4773
HAMPTON CITY,1125,3264,5023
HAMPTON CITY,760,2081,3586
HAMPTON CITY,1496,3573,5879
HAMPTON CITY,1535,3399,4554
HAMPTON CITY,1187,3202,4547
HAMPTON CITY,867,2522,4329
HAMPTON CITY,227,633,1192
HAMPTON CITY,543,1502,2202
HAMPTON CITY,440,1117,1590
HAMPTON CITY,,,
HANOVER COUNTY,720,1667,2239
HANOVER COUNTY,871,1866,2361
HANOVER COUNTY,714,1801,2519
HANOVER COUNTY,498,1080,1294
HANOVER COUNTY,1164,2758,3259
HANOVER COUNTY,933,2641,3252
HANOVER COUNTY,423,1179,1438
HANOVER COUNTY,1071,2424,2889
HANOVER COUNTY,1258,2346,2578
HANOVER COUNTY,882,1820,2160
HANOVER COUNTY,439,936,1099
HANOVER COUNTY,1089,2136,2570
HANOVER COUNTY,1036,2317,2760
HANOVER COUNTY,1252,2693,3197
HANOVER COUNTY,1030,2264,2666
HANOVER COUNTY,898,1934,2272
HANOVER COUNTY,1015,2399,2835
HANOVER COUNTY,1101,3253,4224
HANOVER COUNTY,560,1514,1807
HANOVER COUNTY,467,1453,1756
HANOVER COUNTY,667,1714,1997
HANOVER COUNTY,1240,2567,3086
HANOVER COUNTY,686,1844,2400
HANOVER COUNTY,566,1534,1756
HANOVER COUNTY,224,591,714
HANOVER COUNTY,1080,2000,2351
HANOVER COUNTY,786,2169,2664
HANOVER COUNTY,1122,2805,3447
HANOVER COUNTY,969,2334,2880
HANOVER COUNTY,762,2325,3208
HANOVER COUNTY,935,2328,2958
HANOVER COUNTY,992,2315,2779
HANOVER COUNTY,841,2428,2946
HANOVER COUNTY,655,2195,2635
HANOVER COUNTY,1262,2967,3719
HANOVER COUNTY,404,1253,1502
HANOVER COUNTY,,,
HARRISONBURG CITY,949,2344,4163
HARRISONBURG CITY,810,1731,2648
HARRISONBURG CITY,635,2184,3653
HARRISONBURG CITY,765,2337,3972
HARRISONBURG CITY,121,1076,1443
HARRISONBURG CITY,1360,2858,4200
HARRISONBURG CITY,1069,2436,3825
HARRISONBURG CITY,1357,2614,3741
HARRISONBURG CITY,,,
HENRICO COUNTY,1253,3438,4374
HENRICO COUNTY,924,2502,4055
HENRICO COUNTY,1668,3853,4860
HENRICO COUNTY,342,1194,1823
HENRICO COUNTY,977,2808,4087
HENRICO COUNTY,455,1277,1749
HENRICO COUNTY,1535,3280,3998
HENRICO COUNTY,238,888,1097
HENRICO COUNTY,621,1938,2716
HENRICO COUNTY,936,2980,4250
HENRICO COUNTY,1103,2910,4501
HENRICO COUNTY,197,892,1147
HENRICO COUNTY,936,2981,4073
HENRICO COUNTY,1257,2724,3370
HENRICO COUNTY,649,1837,2297
HENRICO COUNTY,709,2330,4170
HENRICO COUNTY,992,3003,4285
HENRICO COUNTY,339,1142,1643
HENRICO COUNTY,107,624,723
HENRICO COUNTY,828,1947,3055
HENRICO COUNTY,869,2137,2758
HENRICO COUNTY,444,889,1227
HENRICO COUNTY,593,1331,2433
HENRICO COUNTY,607,1655,2265
HENRICO COUNTY,279,701,981
HENRICO COUNTY,318,1273,2531
HENRICO COUNTY,509,1425,2064
HENRICO COUNTY,967,3166,4204
HENRICO COUNTY,675,2341,3174
HENRICO COUNTY,1029,2292,3211
HENRICO COUNTY,225,791,1040
HENRICO COUNTY,220,702,929
HENRICO COUNTY,371,781,1038
HENRICO COUNTY,99,256,347
HENRICO COUNTY,1012,2620,4070
HENRICO COUNTY,710,1649,2122
HENRICO COUNTY,1100,2777,3789
HENRICO COUNTY,772,2213,2999
HENRICO COUNTY,694,2252,2825
HENRICO COUNTY,731,2263,3134
HENRICO COUNTY,477,1824,2330
HENRICO COUNTY,431,1505,1954
HENRICO COUNTY,1138,3260,3989
HENRICO COUNTY,929,2579,3578
HENRICO COUNTY,269,1158,1613
HENRICO COUNTY,937,2976,3686
HENRICO COUNTY,992,3149,3984
HENRICO COUNTY,867,3108,3940
HENRICO COUNTY,714,2130,2667
HENRICO COUNTY,1143,3381,4398
HENRICO COUNTY,612,1947,2610
HENRICO COUNTY,889,2831,4749
HENRICO COUNTY,481,2049,2924
HENRICO COUNTY,516,1735,2033
HENRICO COUNTY,583,1923,2534
HENRICO COUNTY,1136,2852,3443
HENRICO COUNTY,701,2056,2492
HENRICO COUNTY,510,1864,2398
HENRICO COUNTY,557,2081,3021
HENRICO COUNTY,707,2128,2706
HENRICO COUNTY,484,1538,1842
HENRICO COUNTY,626,2082,3095
HENRICO COUNTY,733,2531,3602
HENRICO COUNTY,855,2447,3240
HENRICO COUNTY,786,2808,3511
HENRICO COUNTY,539,1745,2025
HENRICO COUNTY,403,1438,2030
HENRICO COUNTY,230,986,1169
HENRICO COUNTY,1326,3407,4075
HENRICO COUNTY,468,1659,2452
HENRICO COUNTY,646,2218,2871
HENRICO COUNTY,955,1954,2878
HENRICO COUNTY,556,1663,2035
HENRICO COUNTY,635,1456,2160
HENRICO COUNTY,852,2045,2841
HENRICO COUNTY,544,1497,2270
HENRICO COUNTY,1375,2705,3443
HENRICO COUNTY,1136,2553,3804
HENRICO COUNTY,223,645,800
HENRICO COUNTY,560,1563,2662
HENRICO COUNTY,709,1636,2717
HENRICO COUNTY,877,1796,2377
HENRICO COUNTY,926,2046,3190
HENRICO COUNTY,331,1013,1583
HENRICO COUNTY,1023,2466,4007
HENRICO COUNTY,1430,2847,3893
HENRICO COUNTY,413,1742,2475
HENRICO COUNTY,1525,2928,3987
HENRICO COUNTY,396,865,1074
HENRICO COUNTY,795,1935,2383
HENRICO COUNTY,,,
HENRY COUNTY,214,578,998
HENRY COUNTY,376,1133,1804
HENRY COUNTY,842,2063,3023
HENRY COUNTY,289,698,1115
HENRY COUNTY,499,1277,1810
HENRY COUNTY,431,1018,1612
HENRY COUNTY,444,1268,1719
HENRY COUNTY,309,807,1195
HENRY COUNTY,654,1510,2335
HENRY COUNTY,876,1564,2190
HENRY COUNTY,318,746,1055
HENRY COUNTY,377,828,1264
HENRY COUNTY,422,940,1549
HENRY COUNTY,753,1565,2290
HENRY COUNTY,250,602,905
HENRY COUNTY,252,682,1047
HENRY COUNTY,404,980,1332
HENRY COUNTY,690,1578,2259
HENRY COUNTY,169,469,682
HENRY COUNTY,375,828,1110
HENRY COUNTY,606,1406,2033
HENRY COUNTY,136,405,657
HENRY COUNTY,578,1488,2243
HENRY COUNTY,399,1084,1573
HENRY COUNTY,,,
HIGHLAND COUNTY,181,505,648
HIGHLAND COUNTY,25,114,142
HIGHLAND COUNTY,100,306,381
HIGHLAND COUNTY,51,176,208
HIGHLAND COUNTY,89,443,556
HIGHLAND COUNTY,,,
HOPEWELL CITY,421,1093,2241
HOPEWELL CITY,322,942,2143
HOPEWELL CITY,674,1645,2506
HOPEWELL CITY,836,1807,2769
HOPEWELL CITY,543,1364,2341
HOPEWELL CITY,364,1106,2111
HOPEWELL CITY,449,1146,2123
HOPEWELL CITY,,,
ISLE OF WIGHT COUNTY,1073,2547,3228
ISLE OF WIGHT COUNTY,1182,2666,3362
ISLE OF WIGHT COUNTY,79,154,196
ISLE OF WIGHT COUNTY,918,2585,3482
ISLE OF WIGHT COUNTY,957,2305,2924
ISLE OF WIGHT COUNTY,90,230,324
ISLE OF WIGHT COUNTY,501,1279,1755
ISLE OF WIGHT COUNTY,835,1880,2674
ISLE OF WIGHT COUNTY,483,1253,1648
ISLE OF WIGHT COUNTY,141,377,561
ISLE OF WIGHT COUNTY,652,1371,1700
ISLE OF WIGHT COUNTY,826,2040,2821
ISLE OF WIGHT COUNTY,556,1474,1817
ISLE OF WIGHT COUNTY,265,971,1256
ISLE OF WIGHT COUNTY,287,1118,1539
ISLE OF WIGHT COUNTY,608,1485,2051
ISLE OF WIGHT COUNTY,455,1122,1374
ISLE OF WIGHT COUNTY,,,
JAMES CITY COUNTY,2081,3901,4868
JAMES CITY COUNTY,1464,2590,3268
JAMES CITY COUNTY,1591,2739,3318
JAMES CITY COUNTY,601,1136,1452
JAMES CITY COUNTY,1101,1839,2455
JAMES CITY COUNTY,1256,2416,3646
JAMES CITY COUNTY,1390,2504,3252
JAMES CITY COUNTY,2286,3477,4099
JAMES CITY COUNTY,2271,3558,4426
JAMES CITY COUNTY,528,1163,1536
JAMES CITY COUNTY,1006,2548,3331
JAMES CITY COUNTY,1399,2833,4188
JAMES CITY COUNTY,1561,3545,4751
JAMES CITY COUNTY,2711,4522,5449
JAMES CITY COUNTY,1914,3715,4542
JAMES CITY COUNTY,351,1311,2211
JAMES CITY COUNTY,2434,4009,5104
JAMES CITY COUNTY,2044,3851,4878
JAMES CITY COUNTY,,,
KING & QUEEN COUNTY,163,885,1207
KING & QUEEN COUNTY,215,792,1045
KING & QUEEN COUNTY,243,837,1139
KING & QUEEN COUNTY,371,866,1135
KING & QUEEN COUNTY,240,828,1111
KING & QUEEN COUNTY,,,
KING GEORGE COUNTY,1240,2580,3339
KING GEORGE COUNTY,620,1592,2254
KING GEORGE COUNTY,2195,4147,5536
KING GEORGE COUNTY,1616,3273,4855
KING GEORGE COUNTY,1980,3929,5479
KING GEORGE COUNTY,,,
KING WILLIAM COUNTY,382,1942,2531
KING WILLIAM COUNTY,261,826,1035
KING WILLIAM COUNTY,851,1671,2157
KING WILLIAM COUNTY,808,2314,2962
KING WILLIAM COUNTY,808,2415,2993
KING WILLIAM COUNTY,901,2468,3084
KING WILLIAM COUNTY,,,
LANCASTER COUNTY,751,1464,1908
LANCASTER COUNTY,595,1239,1765
LANCASTER COUNTY,478,1170,1474
LANCASTER COUNTY,250,549,670
LANCASTER COUNTY,523,1284,1785
LANCASTER COUNTY,731,1649,2023
LANCASTER COUNTY,,,
LEE COUNTY,93,546,899
LEE COUNTY,128,562,924
LEE COUNTY,243,958,1599
LEE COUNTY,35,202,313
LEE COUNTY,256,792,1175
LEE COUNTY,570,1383,2084
LEE COUNTY,389,1013,1485
LEE COUNTY,134,541,868
LEE COUNTY,179,759,1101
LEE COUNTY,55,362,551
LEE COUNTY,82,490,683
LEE COUNTY,180,849,1311
LEE COUNTY,57,360,734
LEE COUNTY,266,1068,1861
LEE COUNTY,10,116,196
LEE COUNTY,24,178,295
LEE COUNTY,,,
LEXINGTON CITY,1444,2929,4571
LEXINGTON CITY,,,
LOUDOUN COUNTY,1142,2671,3446
LOUDOUN COUNTY,853,2368,3196
LOUDOUN COUNTY,975,2147,2852
LOUDOUN COUNTY,1102,2496,3481
LOUDOUN COUNTY,1306,3491,4934
LOUDOUN COUNTY,1222,3134,4143
LOUDOUN COUNTY,564,1537,2113
LOUDOUN COUNTY,1215,2875,3896
LOUDOUN COUNTY,683,1520,1943
LOUDOUN COUNTY,874,1991,2884
LOUDOUN COUNTY,883,2516,3484
LOUDOUN COUNTY,618,1533,1932
LOUDOUN COUNTY,510,1576,2039
LOUDOUN COUNTY,1245,2944,3860
LOUDOUN COUNTY,1053,2745,3950
LOUDOUN COUNTY,325,1005,1468
LOUDOUN COUNTY,811,2237,2899
LOUDOUN COUNTY,702,2483,3450
LOUDOUN COUNTY,812,2286,2951
LOUDOUN COUNTY,1106,2718,3614
LOUDOUN COUNTY,604,1976,3134
LOUDOUN COUNTY,581,1926,2836
LOUDOUN COUNTY,695,2225,3237
LOUDOUN COUNTY,888,2191,2940
LOUDOUN COUNTY,370,1140,1543
LOUDOUN COUNTY,410,1189,1545
LOUDOUN COUNTY,311,867,1106
LOUDOUN COUNTY,644,1813,2521
LOUDOUN COUNTY,633,1767,2278
LOUDOUN COUNTY,803,2601,3268
LOUDOUN COUNTY,607,1533,1867
LOUDOUN COUNTY,917,2623,3389
LOUDOUN COUNTY,811,2210,2852
LOUDOUN COUNTY,1072,2174,2643
LOUDOUN COUNTY,601,1603,2167
LOUDOUN COUNTY,1350,3010,3795
LOUDOUN COUNTY,1147,2833,3522
LOUDOUN COUNTY,623,1396,1718
LOUDOUN COUNTY,769,1966,2408
LOUDOUN COUNTY,1124,2684,3188
LOUDOUN COUNTY,1186,3326,4279
LOUDOUN COUNTY,1096,2517,3105
LOUDOUN COUNTY,837,2175,2858
LOUDOUN COUNTY,1403,2829,3574
LOUDOUN COUNTY,768,2085,2658
LOUDOUN COUNTY,655,1358,1753
LOUDOUN COUNTY,1014,2308,2856
LOUDOUN COUNTY,90,324,431
LOUDOUN COUNTY,359,635,799
LOUDOUN COUNTY,1597,3014,3773
LOUDOUN COUNTY,1092,2600,3227
LOUDOUN COUNTY,1009,2310,2933
LOUDOUN COUNTY,909,2081,2531
LOUDOUN COUNTY,1499,3334,4342
LOUDOUN COUNTY,1255,3088,3871
LOUDOUN COUNTY,590,1182,1483
LOUDOUN COUNTY,1156,2404,3195
LOUDOUN COUNTY,938,2514,4046
LOUDOUN COUNTY,630,1439,1806
LOUDOUN COUNTY,1301,2746,3664
LOUDOUN COUNTY,1374,2683,3491
LOUDOUN COUNTY,640,1515,2362
LOUDOUN COUNTY,678,1307,1769
LOUDOUN COUNTY,941,2588,3455
LOUDOUN COUNTY,1287,3397,4781
LOUDOUN COUNTY,874,1606,1986
LOUDOUN COUNTY,1525,3232,4228
LOUDOUN COUNTY,1151,2145,2769
LOUDOUN COUNTY,494,1510,1971
LOUDOUN COUNTY,1273,3375,4391
LOUDOUN COUNTY,1144,3156,4677
LOUDOUN COUNTY,697,2072,2761
LOUDOUN COUNTY,1070,3116,4137
LOUDOUN COUNTY,1011,2798,3785
LOUDOUN COUNTY,1369,3270,4144
LOUDOUN COUNTY,906,2424,3056
LOUDOUN COUNTY,379,1839,2063
LOUDOUN COUNTY,555,1489,2085
LOUDOUN COUNTY,684,1898,2600
LOUDOUN COUNTY,433,1187,1820
LOUDOUN COUNTY,946,2595,3594
LOUDOUN COUNTY,677,1799,2660
LOUDOUN COUNTY,740,2027,3064
LOUDOUN COUNTY,1118,2608,3659
LOUDOUN COUNTY,537,2169,3320
LOUDOUN COUNTY,745,2298,3371
LOUDOUN COUNTY,436,909,1282
LOUDOUN COUNTY,566,1587,2607
LOUDOUN COUNTY,625,1453,2222
LOUDOUN COUNTY,576,1920,2680
LOUDOUN COUNTY,251,818,1368
LOUDOUN COUNTY,777,2656,3559
LOUDOUN COUNTY,227,1034,1549
LOUDOUN COUNTY,519,1350,2400
LOUDOUN COUNTY,1293,3127,3998
LOUDOUN COUNTY,929,2501,3345
LOUDOUN COUNTY,727,2044,3052
LOUDOUN COUNTY,1254,2924,3864
LOUDOUN COUNTY,1508,3188,4022
LOUDOUN COUNTY,919,2320,3090
LOUDOUN COUNTY,666,1829,2495
LOUDOUN COUNTY,794,1846,2336
LOUDOUN COUNTY,863,2262,3112
LOUDOUN COUNTY,822,2038,2567
LOUDOUN COUNTY,946,2060,2718
LOUDOUN COUNTY,404,963,1394
LOUDOUN COUNTY,898,2352,3072
LOUDOUN COUNTY,,,
LOUISA COUNTY,1155,2970,3620
LOUISA COUNTY,422,1158,1530
LOUISA COUNTY,709,1528,2112
LOUISA COUNTY,600,1373,1870
LOUISA COUNTY,76,243,331
LOUISA COUNTY,799,1911,2606
LOUISA COUNTY,641,1340,1818
LOUISA COUNTY,1892,3631,4803
LOUISA COUNTY,376,907,1291
LOUISA COUNTY,371,993,1360
LOUISA COUNTY,801,1795,2154
LOUISA COUNTY,1065,3075,4077
LOUISA COUNTY,442,1591,2006
LOUISA COUNTY,739,1728,2293
LOUISA COUNTY,,,
LUNENBURG COUNTY,302,708,1042
LUNENBURG COUNTY,253,776,1069
LUNENBURG COUNTY,96,372,489
LUNENBURG COUNTY,154,512,678
LUNENBURG COUNTY,92,296,401
LUNENBURG COUNTY,222,588,852
LUNENBURG COUNTY,262,466,658
LUNENBURG COUNTY,252,512,705
LUNENBURG COUNTY,294,831,1159
LUNENBURG COUNTY,135,420,628
LUNENBURG COUNTY,194,428,618
LUNENBURG COUNTY,,,
LYNCHBURG CITY,1052,3261,5129
LYNCHBURG CITY,1355,3209,4113
LYNCHBURG CITY,956,2185,2660
LYNCHBURG CITY,354,1035,1591
LYNCHBURG CITY,550,1393,1825
LYNCHBURG CITY,1005,2920,5422
LYNCHBURG CITY,885,2499,5040
LYNCHBURG CITY,197,705,1429
LYNCHBURG CITY,212,749,1289
LYNCHBURG CITY,333,966,1467
LYNCHBURG CITY,52,2766,6339
LYNCHBURG CITY,401,1252,2115
LYNCHBURG CITY,439,1392,2139
LYNCHBURG CITY,993,3003,4778
LYNCHBURG CITY,1493,3966,5823
LYNCHBURG CITY,461,1308,1837
LYNCHBURG CITY,828,2502,4138
LYNCHBURG CITY,1125,2773,3925
LYNCHBURG CITY,,,
MADISON COUNTY,381,990,1341
MADISON COUNTY,648,1473,1917
MADISON COUNTY,243,712,886
MADISON COUNTY,23,72,91
MADISON COUNTY,800,1562,2047
MADISON COUNTY,331,853,1071
MADISON COUNTY,705,1657,2046
MADISON COUNTY,340,728,905
MADISON COUNTY,194,462,562
MADISON COUNTY,,,
MANASSAS CITY,1108,2678,4407
MANASSAS CITY,1063,2841,4582
MANASSAS CITY,1334,3036,4426
MANASSAS CITY,1191,2683,4017
MANASSAS CITY,1268,2626,4097
MANASSAS CITY,1105,2408,3283
MANASSAS CITY,,,
MANASSAS PARK CITY,1172,2262,3613
MANASSAS PARK CITY,624,1745,3097
MANASSAS PARK CITY,1052,2034,3203
MANASSAS PARK CITY,,,
MARTINSVILLE CITY,218,555,921
MARTINSVILLE CITY,446,1205,2017
MARTINSVILLE CITY,250,702,1399
MARTINSVILLE CITY,502,1264,2131
MARTINSVILLE CITY,759,1704,2359
MARTINSVILLE CITY,85,282,456
MARTINSVILLE CITY,,,
MATHEWS COUNTY,843,1337,1719
MATHEWS COUNTY,1383,2103,2669
MATHEWS COUNTY,1586,2543,3188
MATHEWS COUNTY,,,
MECKLENBURG COUNTY,192,635,911
MECKLENBURG COUNTY,76,243,330
MECKLENBURG COUNTY,357,926,1362
MECKLENBURG COUNTY,393,1179,1902
MECKLENBURG COUNTY,128,269,409
MECKLENBURG COUNTY,335,1196,1684
MECKLENBURG COUNTY,167,716,1101
MECKLENBURG COUNTY,518,1581,2527
MECKLENBURG COUNTY,569,1569,2472
MECKLENBURG COUNTY,194,463,645
MECKLENBURG COUNTY,106,354,493
MECKLENBURG COUNTY,167,489,653
MECKLENBURG COUNTY,302,777,1100
MECKLENBURG COUNTY,241,418,575
MECKLENBURG COUNTY,311,751,1052
MECKLENBURG COUNTY,284,600,879
MECKLENBURG COUNTY,280,479,675
MECKLENBURG COUNTY,473,993,1327
MECKLENBURG COUNTY,261,612,838
MECKLENBURG COUNTY,82,291,396
MECKLENBURG COUNTY,156,523,712
MECKLENBURG COUNTY,659,1339,1775
MECKLENBURG COUNTY,,,
MIDDLESEX COUNTY,254,522,710
MIDDLESEX COUNTY,391,830,1021
MIDDLESEX COUNTY,672,1542,1894
MIDDLESEX COUNTY,453,1260,1717
MIDDLESEX COUNTY,536,1312,1800
MIDDLESEX COUNTY,595,1501,1862
MIDDLESEX COUNTY,,,
MONTGOMERY COUNTY,895,1914,2353
MONTGOMERY COUNTY,884,1838,2871
MONTGOMERY COUNTY,7,197,356
MONTGOMERY COUNTY,859,1913,2850
MONTGOMERY COUNTY,846,1550,1979
MONTGOMERY COUNTY,291,644,871
MONTGOMERY COUNTY,1059,2153,2877
MONTGOMERY COUNTY,309,874,1303
MONTGOMERY COUNTY,1285,2587,3529
MONTGOMERY COUNTY,868,1729,2411
MONTGOMERY COUNTY,803,2392,3285
MONTGOMERY COUNTY,495,1080,1397
MONTGOMERY COUNTY,287,983,1310
MONTGOMERY COUNTY,814,1857,2813
MONTGOMERY COUNTY,684,1349,1753
MONTGOMERY COUNTY,1121,2368,3187
MONTGOMERY COUNTY,1185,2690,3216
MONTGOMERY COUNTY,1217,2480,3315
MONTGOMERY COUNTY,390,1129,1382
MONTGOMERY COUNTY,865,1938,2927
MONTGOMERY COUNTY,522,1504,1924
MONTGOMERY COUNTY,69,1313,1844
MONTGOMERY COUNTY,176,462,719
MONTGOMERY COUNTY,907,2201,3094
MONTGOMERY COUNTY,713,2188,3514
MONTGOMERY COUNTY,25,741,1203
MONTGOMERY COUNTY,509,2054,3736
MONTGOMERY COUNTY,613,1778,2746
MONTGOMERY COUNTY,750,1712,2363
MONTGOMERY COUNTY,,,
NELSON COUNTY,477,1811,2271
NELSON COUNTY,528,1075,1436
NELSON COUNTY,233,735,936
NELSON COUNTY,654,1445,1932
NELSON COUNTY,45,257,324
NELSON COUNTY,578,1549,2000
NELSON COUNTY,21,139,183
NELSON COUNTY,294,683,847
NELSON COUNTY,790,1813,2214
NELSON COUNTY,,,
NEW KENT COUNTY,472,1262,1537
NEW KENT COUNTY,718,1758,2111
NEW KENT COUNTY,695,2053,2515
NEW KENT COUNTY,355,1161,1384
NEW KENT COUNTY,1217,2650,3207
NEW KENT COUNTY,605,1426,1736
NEW KENT COUNTY,1290,2657,3275
NEW KENT COUNTY,248,884,1166
NEW KENT COUNTY,460,1284,1673
NEW KENT COUNTY,618,1727,2178
NEW KENT COUNTY,,,
NEWPORT NEWS CITY,939,2715,4750
NEWPORT NEWS CITY,858,2738,5265
NEWPORT NEWS CITY,554,1838,3231
NEWPORT NEWS CITY,661,1825,3889
NEWPORT NEWS CITY,1205,3297,4925
NEWPORT NEWS CITY,308,862,1457
NEWPORT NEWS CITY,440,1481,2463
NEWPORT NEWS CITY,799,2656,4548
NEWPORT NEWS CITY,1051,2847,5036
NEWPORT NEWS CITY,1121,3120,4478
NEWPORT NEWS CITY,330,1085,1433
NEWPORT NEWS CITY,178,554,1204
NEWPORT NEWS CITY,599,1826,2713
NEWPORT NEWS CITY,1117,3213,4471
NEWPORT NEWS CITY,450,1462,2242
NEWPORT NEWS CITY,954,2499,3229
NEWPORT NEWS CITY,545,1504,1845
NEWPORT NEWS CITY,856,2473,4423
NEWPORT NEWS CITY,383,1228,1565
NEWPORT NEWS CITY,849,2278,3343
NEWPORT NEWS CITY,808,2101,2720
NEWPORT NEWS CITY,1446,3606,5139
NEWPORT NEWS CITY,1215,2966,5280
NEWPORT NEWS CITY,737,2535,4586
NEWPORT NEWS CITY,392,1426,3192
NEWPORT NEWS CITY,267,1014,1999
NEWPORT NEWS CITY,132,653,1440
NEWPORT NEWS CITY,174,502,1154
NEWPORT NEWS CITY,145,563,1293
NEWPORT NEWS CITY,178,699,1328
NEWPORT NEWS CITY,221,835,1782
NEWPORT NEWS CITY,645,2007,3336
NEWPORT NEWS CITY,119,457,1054
NEWPORT NEWS CITY,398,1311,2699
NEWPORT NEWS CITY,315,1030,1773
NEWPORT NEWS CITY,493,1543,2344
NEWPORT NEWS CITY,642,1769,3152
NEWPORT NEWS CITY,169,675,1640
NEWPORT NEWS CITY,210,755,1357
NEWPORT NEWS CITY,975,2714,4444
NEWPORT NEWS CITY,1336,3424,5234
NEWPORT NEWS CITY,666,1950,2537
NEWPORT NEWS CITY,350,1216,2054
NEWPORT NEWS CITY,,,
NORFOLK CITY,880,2603,4365
NORFOLK CITY,472,1145,2091
NORFOLK CITY,534,1695,2684
NORFOLK CITY,248,1056,2600
NORFOLK CITY,805,2375,4041
NORFOLK CITY,422,1539,2948
NORFOLK CITY,829,2312,3270
NORFOLK CITY,401,1205,1803
NORFOLK CITY,646,2061,4082
NORFOLK CITY,652,1523,1887
NORFOLK CITY,731,1989,3070
NORFOLK CITY,1221,3081,4695
NORFOLK CITY,393,1302,2602
NORFOLK CITY,808,2360,3242
NORFOLK CITY,873,2295,3243
NORFOLK CITY,523,1643,2397
NORFOLK CITY,1191,2885,3835
NORFOLK CITY,601,1645,3130
NORFOLK CITY,280,1109,2191
NORFOLK CITY,733,1917,3383
NORFOLK CITY,248,956,1777
NORFOLK CITY,448,1415,2347
NORFOLK CITY,325,1120,2008
NORFOLK CITY,917,2856,5234
NORFOLK CITY,716,2332,4323
NORFOLK CITY,871,2865,5278
NORFOLK CITY,224,800,1615
NORFOLK CITY,473,1271,2214
NORFOLK CITY,414,1405,2779
NORFOLK CITY,496,1992,3453
NORFOLK CITY,424,1331,2059
NORFOLK CITY,706,1972,3258
NORFOLK CITY,379,1424,2342
NORFOLK CITY,215,721,1783
NORFOLK CITY,525,1510,2375
NORFOLK CITY,888,2293,4008
NORFOLK CITY,400,1312,3050
NORFOLK CITY,492,1594,2844
NORFOLK CITY,823,2221,3557
NORFOLK CITY,1254,2847,4369
NORFOLK CITY,545,1733,2626
NORFOLK CITY,387,1404,2250
NORFOLK CITY,885,2430,4426
NORFOLK CITY,821,1916,3507
NORFOLK CITY,599,2019,3234
NORFOLK CITY,687,2153,3282
NORFOLK CITY,633,1963,3292
NORFOLK CITY,426,1244,1875
NORFOLK CITY,,,
NORTHAMPTON COUNTY,916,1794,2399
NORTHAMPTON COUNTY,589,1295,1998
NORTHAMPTON COUNTY,416,1183,1871
NORTHAMPTON COUNTY,822,1476,2014
NORTHAMPTON COUNTY,427,1182,1871
NORTHAMPTON COUNTY,,,
NORTHUMBERLAND COUNTY,716,1471,1914
NORTHUMBERLAND COUNTY,969,1572,2055
NORTHUMBERLAND COUNTY,717,1309,1988
NORTHUMBERLAND COUNTY,924,1928,2339
NORTHUMBERLAND COUNTY,964,1991,2484
NORTHUMBERLAND COUNTY,,,
NORTON CITY,804,1657,2707
NORTON CITY,,,
NOTTOWAY COUNTY,587,1211,1666
NOTTOWAY COUNTY,714,1520,2173
NOTTOWAY COUNTY,452,1062,1599
NOTTOWAY COUNTY,138,336,449
NOTTOWAY COUNTY,291,729,1272
NOTTOWAY COUNTY,180,575,788
NOTTOWAY COUNTY,714,1458,2044
NOTTOWAY COUNTY,,,
ORANGE COUNTY,756,2112,2711
ORANGE COUNTY,655,1535,2005
ORANGE COUNTY,257,793,1123
ORANGE COUNTY,894,1972,2699
ORANGE COUNTY,811,2454,3253
ORANGE COUNTY,264,501,622
ORANGE COUNTY,539,1223,1619
ORANGE COUNTY,1055,2242,3231
ORANGE COUNTY,784,2381,3265
ORANGE COUNTY,547,2142,2996
ORANGE COUNTY,632,2345,3067
ORANGE COUNTY,863,2814,3605
ORANGE COUNTY,,,
PAGE COUNTY,1148,2704,3664
PAGE COUNTY,1122,2724,3667
PAGE COUNTY,1060,2979,3954
PAGE COUNTY,835,2353,3232
PAGE COUNTY,478,2580,3432
PAGE COUNTY,,,
PATRICK COUNTY,133,652,946
PATRICK COUNTY,165,596,817
PATRICK COUNTY,105,679,970
PATRICK COUNTY,190,479,652
PATRICK COUNTY,323,801,1088
PATRICK COUNTY,334,780,1021
PATRICK COUNTY,517,1278,1768
PATRICK COUNTY,235,714,957
PATRICK COUNTY,197,835,1092
PATRICK COUNTY,266,545,846
PATRICK COUNTY,254,455,622
PATRICK COUNTY,313,964,1318
PATRICK COUNTY,342,998,1332
PATRICK COUNTY,,,
PETERSBURG CITY,598,1572,3209
PETERSBURG CITY,727,2167,3735
PETERSBURG CITY,1088,2465,3843
PETERSBURG CITY,767,1816,3376
PETERSBURG CITY,685,1640,3404
PETERSBURG CITY,614,1696,3615
PETERSBURG CITY,749,1968,3580
PETERSBURG CITY,,,
PITTSYLVANIA COUNTY,1153,2753,3517
PITTSYLVANIA COUNTY,466,802,1126
PITTSYLVANIA COUNTY,547,1238,1605
PITTSYLVANIA COUNTY,268,729,919
PITTSYLVANIA COUNTY,328,1057,1345
PITTSYLVANIA COUNTY,230,605,859
PITTSYLVANIA COUNTY,181,728,993
PITTSYLVANIA COUNTY,372,742,989
PITTSYLVANIA COUNTY,537,1600,2232
PITTSYLVANIA COUNTY,569,1083,1567
PITTSYLVANIA COUNTY,305,794,1113
PITTSYLVANIA COUNTY,390,1269,1955
PITTSYLVANIA COUNTY,176,684,992
PITTSYLVANIA COUNTY,172,549,798
PITTSYLVANIA COUNTY,349,1074,1438
PITTSYLVANIA COUNTY,609,1959,2583
PITTSYLVANIA COUNTY,583,2105,2937
PITTSYLVANIA COUNTY,391,1785,2519
PITTSYLVANIA COUNTY,681,2154,3000
PITTSYLVANIA COUNTY,172,779,1033
PITTSYLVANIA COUNTY,373,1393,1862
PITTSYLVANIA COUNTY,235,788,1067
PITTSYLVANIA COUNTY,263,1084,1444
PITTSYLVANIA COUNTY,234,1086,1577
PITTSYLVANIA COUNTY,164,476,610
PITTSYLVANIA COUNTY,412,1419,1859
PITTSYLVANIA COUNTY,43,302,477
PITTSYLVANIA COUNTY,865,2145,2901
PITTSYLVANIA COUNTY,327,1096,1487
PITTSYLVANIA COUNTY,,,
POQUOSON CITY,1416,2672,3425
POQUOSON CITY,1281,2675,3457
POQUOSON CITY,1499,2749,3314
POQUOSON CITY,,,
PORTSMOUTH CITY,605,1652,3037
PORTSMOUTH CITY,238,803,1785
PORTSMOUTH CITY,267,1032,1861
PORTSMOUTH CITY,406,1368,2535
PORTSMOUTH CITY,204,741,1379
PORTSMOUTH CITY,248,938,1804
PORTSMOUTH CITY,137,571,1519
PORTSMOUTH CITY,319,1159,2337
PORTSMOUTH CITY,223,1132,2505
PORTSMOUTH CITY,373,1476,3072
PORTSMOUTH CITY,189,721,1299
PORTSMOUTH CITY,363,1336,2384
PORTSMOUTH CITY,178,705,1405
PORTSMOUTH CITY,262,1260,2331
PORTSMOUTH CITY,245,1252,2001
PORTSMOUTH CITY,312,1021,1744
PORTSMOUTH CITY,391,1392,2097
PORTSMOUTH CITY,376,1269,2043
PORTSMOUTH CITY,325,1174,1965
PORTSMOUTH CITY,626,1808,2567
PORTSMOUTH CITY,198,923,1379
PORTSMOUTH CITY,181,1235,1938
PORTSMOUTH CITY,338,1825,3268
PORTSMOUTH CITY,321,1133,1526
PORTSMOUTH CITY,185,985,1326
PORTSMOUTH CITY,401,1403,1865
PORTSMOUTH CITY,432,1653,2393
PORTSMOUTH CITY,1004,2905,4206
PORTSMOUTH CITY,599,2196,3591
PORTSMOUTH CITY,530,2128,4135
PORTSMOUTH CITY,891,2590,3748
PORTSMOUTH CITY,,,
POWHATAN COUNTY,1045,2093,2462
POWHATAN COUNTY,763,1715,2009
POWHATAN COUNTY,354,815,1029
POWHATAN COUNTY,749,1672,2073
POWHATAN COUNTY,876,2247,2701
POWHATAN COUNTY,1118,2322,2866
POWHATAN COUNTY,1007,2132,2525
POWHATAN COUNTY,1778,3072,3665
POWHATAN COUNTY,587,1232,1527
POWHATAN COUNTY,836,1757,2193
POWHATAN COUNTY,410,1010,1173
POWHATAN COUNTY,365,968,1158
POWHATAN COUNTY,,,
PRINCE EDWARD COUNTY,558,1249,1909
PRINCE EDWARD COUNTY,501,1504,2135
PRINCE EDWARD COUNTY,342,1035,1518
PRINCE EDWARD COUNTY,102,453,763
PRINCE EDWARD COUNTY,297,1068,1577
PRINCE EDWARD COUNTY,224,738,1018
PRINCE EDWARD COUNTY,164,453,733
PRINCE EDWARD COUNTY,474,1444,2163
PRINCE EDWARD COUNTY,414,1055,1389
PRINCE EDWARD COUNTY,123,528,988
PRINCE EDWARD COUNTY,,,
PRINCE GEORGE COUNTY,390,1088,1462
PRINCE GEORGE COUNTY,1210,3090,3996
PRINCE GEORGE COUNTY,667,1799,2441
PRINCE GEORGE COUNTY,573,1275,2742
PRINCE GEORGE COUNTY,325,767,963
PRINCE GEORGE COUNTY,1596,3003,4130
PRINCE GEORGE COUNTY,867,1949,2777
PRINCE GEORGE COUNTY,282,734,948
PRINCE GEORGE COUNTY,1163,2314,3272
PRINCE GEORGE COUNTY,621,1705,3722
PRINCE GEORGE COUNTY,,,
PRINCE WILLIAM COUNTY,1193,2569,3261
PRINCE WILLIAM COUNTY,914,2227,2905
PRINCE WILLIAM COUNTY,1318,2950,4061
PRINCE WILLIAM COUNTY,1546,3277,4280
PRINCE WILLIAM COUNTY,1097,2461,3402
PRINCE WILLIAM COUNTY,251,785,1450
PRINCE WILLIAM COUNTY,1291,2996,3983
PRINCE WILLIAM COUNTY,1201,2836,4003
PRINCE WILLIAM COUNTY,1092,2741,4012
PRINCE WILLIAM COUNTY,1405,2893,4244
PRINCE WILLIAM COUNTY,1473,3289,4559
PRINCE WILLIAM COUNTY,1717,3589,4842
PRINCE WILLIAM COUNTY,1053,2493,3384
PRINCE WILLIAM COUNTY,1546,3263,4276
PRINCE WILLIAM COUNTY,812,2379,3454
PRINCE WILLIAM COUNTY,318,1363,2645
PRINCE WILLIAM COUNTY,1371,3211,4383
PRINCE WILLIAM COUNTY,582,1693,2786
PRINCE WILLIAM COUNTY,883,1953,2583
PRINCE WILLIAM COUNTY,1189,2749,3627
PRINCE WILLIAM COUNTY,1072,2408,3168
PRINCE WILLIAM COUNTY,725,1566,2033
PRINCE WILLIAM COUNTY,986,1961,2566
PRINCE WILLIAM COUNTY,1204,2759,3616
PRINCE WILLIAM COUNTY,627,1530,2286
PRINCE WILLIAM COUNTY,552,1981,3452
PRINCE WILLIAM COUNTY,638,1783,2852
PRINCE WILLIAM COUNTY,1213,2591,3470
PRINCE WILLIAM COUNTY,892,2239,3105
PRINCE WILLIAM COUNTY,963,1997,3423
PRINCE WILLIAM COUNTY,1019,2281,3658
PRINCE WILLIAM COUNTY,585,1457,2592
PRINCE WILLIAM COUNTY,104,652,1732
PRINCE WILLIAM COUNTY,986,2434,3386
PRINCE WILLIAM COUNTY,1063,2367,3188
PRINCE WILLIAM COUNTY,956,2129,2860
PRINCE WILLIAM COUNTY,569,1432,1995
PRINCE WILLIAM COUNTY,721,1935,2551
PRINCE WILLIAM COUNTY,929,2071,3147
PRINCE WILLIAM COUNTY,972,2173,3185
PRINCE WILLIAM COUNTY,1152,2535,3850
PRINCE WILLIAM COUNTY,1141,2586,3548
PRINCE WILLIAM COUNTY,875,2036,2743
PRINCE WILLIAM COUNTY,1000,2318,3652
PRINCE WILLIAM COUNTY,1399,2804,3638
PRINCE WILLIAM COUNTY,1486,2689,3463
PRINCE WILLIAM COUNTY,2197,3463,4434
PRINCE WILLIAM COUNTY,1434,2604,3558
PRINCE WILLIAM COUNTY,473,1404,2352
PRINCE WILLIAM COUNTY,630,1928,3213
PRINCE WILLIAM COUNTY,1985,2954,3734
PRINCE WILLIAM COUNTY,2097,3462,4295
PRINCE WILLIAM COUNTY,419,1551,2297
PRINCE WILLIAM COUNTY,1871,3893,5191
PRINCE WILLIAM COUNTY,2080,3372,4645
PRINCE WILLIAM COUNTY,634,2226,3799
PRINCE WILLIAM COUNTY,1098,2020,2542
PRINCE WILLIAM COUNTY,1670,2882,3849
PRINCE WILLIAM COUNTY,627,1625,2731
PRINCE WILLIAM COUNTY,1068,2843,4103
PRINCE WILLIAM COUNTY,866,2307,3639
PRINCE WILLIAM COUNTY,530,1480,2309
PRINCE WILLIAM COUNTY,644,1826,2472
PRINCE WILLIAM COUNTY,984,2707,3765
PRINCE WILLIAM COUNTY,851,2006,3020
PRINCE WILLIAM COUNTY,979,2676,3988
PRINCE WILLIAM COUNTY,1358,2558,3424
PRINCE WILLIAM COUNTY,1558,2930,3770
PRINCE WILLIAM COUNTY,256,606,1004
PRINCE WILLIAM COUNTY,1204,2922,4044
PRINCE WILLIAM COUNTY,660,1721,2749
PRINCE WILLIAM COUNTY,1269,2894,4082
PRINCE WILLIAM COUNTY,976,2636,3747
PRINCE WILLIAM COUNTY,967,2157,2836
PRINCE WILLIAM COUNTY,303,1005,1558
PRINCE WILLIAM COUNTY,618,2030,3496
PRINCE WILLIAM COUNTY,918,2666,3999
PRINCE WILLIAM COUNTY,841,2153,3403
PRINCE WILLIAM COUNTY,736,1810,2951
PRINCE WILLIAM COUNTY,487,1441,2249
PRINCE WILLIAM COUNTY,693,2074,3271
PRINCE WILLIAM COUNTY,504,1482,2464
PRINCE WILLIAM COUNTY,933,2756,4104
PRINCE WILLIAM COUNTY,630,1699,2430
PRINCE WILLIAM COUNTY,877,2363,3774
PRINCE WILLIAM COUNTY,838,2381,3810
PRINCE WILLIAM COUNTY,607,1424,2168
PRINCE WILLIAM COUNTY,249,605,878
PRINCE WILLIAM COUNTY,807,2288,3471
PRINCE WILLIAM COUNTY,116,254,421
PRINCE WILLIAM COUNTY,312,678,1107
PRINCE WILLIAM COUNTY,1091,2606,4145
PRINCE WILLIAM COUNTY,1093,2507,4056
PRINCE WILLIAM COUNTY,423,1503,2977
PRINCE WILLIAM COUNTY,723,2143,3791
PRINCE WILLIAM COUNTY,439,1533,2595
PRINCE WILLIAM COUNTY,950,2572,4085
PRINCE WILLIAM COUNTY,571,2097,3403
PRINCE WILLIAM COUNTY,994,2481,3981
PRINCE WILLIAM COUNTY,833,1969,3155
PRINCE WILLIAM COUNTY,942,2218,3812
PRINCE WILLIAM COUNTY,684,2190,3774
PRINCE WILLIAM COUNTY,1130,2381,3317
PRINCE WILLIAM COUNTY,,,
PULASKI COUNTY,165,712,936
PULASKI COUNTY,781,2278,3040
PULASKI COUNTY,247,777,1015
PULASKI COUNTY,566,1357,1746
PULASKI COUNTY,129,293,482
PULASKI COUNTY,834,2072,2896
PULASKI COUNTY,945,2308,3048
PULASKI COUNTY,109,438,588
PULASKI COUNTY,335,1119,1389
PULASKI COUNTY,296,798,1032
PULASKI COUNTY,864,1917,2922
PULASKI COUNTY,327,606,756
PULASKI COUNTY,1452,3133,4606
PULASKI COUNTY,,,
RADFORD CITY,497,1485,2591
RADFORD CITY,896,1858,2446
RADFORD CITY,945,2017,2823
RADFORD CITY,368,1297,2099
RADFORD CITY,,,
RAPPAHANNOCK COUNTY,489,1020,1305
RAPPAHANNOCK COUNTY,384,1116,1427
RAPPAHANNOCK COUNTY,387,960,1174
RAPPAHANNOCK COUNTY,388,977,1235
RAPPAHANNOCK COUNTY,72,424,576
RAPPAHANNOCK COUNTY,208,584,717
RAPPAHANNOCK COUNTY,,,
RICHMOND CITY,171,996,1776
RICHMOND CITY,397,1139,1380
RICHMOND CITY,607,1788,2123
RICHMOND CITY,569,1585,1940
RICHMOND CITY,688,1880,2196
RICHMOND CITY,499,1560,1848
RICHMOND CITY,486,1299,1641
RICHMOND CITY,680,2458,3232
RICHMOND CITY,789,2432,3169
RICHMOND CITY,355,1339,1665
RICHMOND CITY,537,1637,2393
RICHMOND CITY,301,1021,1595
RICHMOND CITY,747,2202,2916
RICHMOND CITY,777,2336,3139
RICHMOND CITY,473,2038,3456
RICHMOND CITY,219,1580,2511
RICHMOND CITY,778,2531,3580
RICHMOND CITY,90,472,853
RICHMOND CITY,310,897,1668
RICHMOND CITY,468,1052,1650
RICHMOND CITY,375,953,1314
RICHMOND CITY,566,1599,2520
RICHMOND CITY,589,1616,2520
RICHMOND CITY,222,875,1808
RICHMOND CITY,1502,2903,3730
RICHMOND CITY,715,1508,1936
RICHMOND CITY,346,755,1081
RICHMOND CITY,41,339,1072
RICHMOND CITY,185,683,972
RICHMOND CITY,1104,2976,3538
RICHMOND CITY,544,1785,2687
RICHMOND CITY,606,1727,2058
RICHMOND CITY,546,1666,2466
RICHMOND CITY,662,1973,2998
RICHMOND CITY,682,1678,2007
RICHMOND CITY,735,1890,2210
RICHMOND CITY,591,1658,2201
RICHMOND CITY,738,2184,2857
RICHMOND CITY,635,2079,2922
RICHMOND CITY,635,2359,3607
RICHMOND CITY,294,1495,2328
RICHMOND CITY,267,1065,1398
RICHMOND CITY,397,1217,2352
RICHMOND CITY,564,1857,2882
RICHMOND CITY,194,884,2532
RICHMOND CITY,311,972,1692
RICHMOND CITY,283,1085,1925
RICHMOND CITY,631,1699,2802
RICHMOND CITY,513,1657,2920
RICHMOND CITY,507,1895,3305
RICHMOND CITY,286,914,2165
RICHMOND CITY,434,1504,2467
RICHMOND CITY,185,803,2033
RICHMOND CITY,408,1404,2403
RICHMOND CITY,492,1748,2665
RICHMOND CITY,515,1562,2211
RICHMOND CITY,674,2282,3741
RICHMOND CITY,1058,2965,4074
RICHMOND CITY,318,1350,2402
RICHMOND CITY,298,1114,1802
RICHMOND CITY,350,1147,2084
RICHMOND CITY,629,1361,2703
RICHMOND CITY,422,1056,1938
RICHMOND CITY,400,1373,2765
RICHMOND CITY,840,1977,3092
RICHMOND CITY,449,920,1545
RICHMOND CITY,162,479,981
RICHMOND CITY,512,1338,2450
RICHMOND CITY,418,1404,2569
RICHMOND CITY,489,1463,2509
RICHMOND CITY,521,1357,2351
RICHMOND CITY,534,1245,1993
RICHMOND CITY,,,
RICHMOND COUNTY,407,844,1260
RICHMOND COUNTY,320,697,975
RICHMOND COUNTY,459,863,1176
RICHMOND COUNTY,352,910,1252
RICHMOND COUNTY,322,869,1161
RICHMOND COUNTY,,,
ROANOKE CITY,948,1955,3380
ROANOKE CITY,757,1810,3051
ROANOKE CITY,741,2024,3203
ROANOKE CITY,774,1996,3202
ROANOKE CITY,1075,2440,3643
ROANOKE CITY,791,1904,3720
ROANOKE CITY,573,1859,3409
ROANOKE CITY,599,1453,3253
ROANOKE CITY,835,2199,4455
ROANOKE CITY,1026,2500,3789
ROANOKE CITY,1234,2717,3558
ROANOKE CITY,1009,2210,2804
ROANOKE CITY,814,2215,3380
ROANOKE CITY,1137,2480,3493
ROANOKE CITY,974,2258,2899
ROANOKE CITY,1069,2471,3006
ROANOKE CITY,965,2701,3905
ROANOKE CITY,873,1992,2987
ROANOKE CITY,698,1761,3808
ROANOKE CITY,885,1848,3409
ROANOKE CITY,,,
ROANOKE COUNTY,546,2139,2768
ROANOKE COUNTY,650,1833,2413
ROANOKE COUNTY,547,1843,2286
ROANOKE COUNTY,784,1971,2584
ROANOKE COUNTY,851,2048,2715
ROANOKE COUNTY,374,1038,1322
ROANOKE COUNTY,553,1273,1544
ROANOKE COUNTY,588,1790,2407
ROANOKE COUNTY,342,1247,1921
ROANOKE COUNTY,1106,2635,3357
ROANOKE COUNTY,817,1910,2532
ROANOKE COUNTY,1341,2491,3063
ROANOKE COUNTY,291,1021,1516
ROANOKE COUNTY,155,616,744
ROANOKE COUNTY,1360,2651,3281
ROANOKE COUNTY,867,1813,2628
ROANOKE COUNTY,1132,2030,2503
ROANOKE COUNTY,1064,1751,2178
ROANOKE COUNTY,1003,1703,2283
ROANOKE COUNTY,828,1559,1971
ROANOKE COUNTY,621,1200,1465
ROANOKE COUNTY,1130,1826,2331
ROANOKE COUNTY,859,1963,2877
ROANOKE COUNTY,916,1898,2772
ROANOKE COUNTY,913,1633,2064
ROANOKE COUNTY,965,2274,2954
ROANOKE COUNTY,768,1614,2002
ROANOKE COUNTY,842,1580,1991
ROANOKE COUNTY,812,1712,2210
ROANOKE COUNTY,1028,2450,3708
ROANOKE COUNTY,466,1246,1679
ROANOKE COUNTY,206,445,558
ROANOKE COUNTY,1190,2329,3110
ROANOKE COUNTY,,,
ROCKBRIDGE COUNTY,767,1399,1749
ROCKBRIDGE COUNTY,205,533,678
ROCKBRIDGE COUNTY,152,446,565
ROCKBRIDGE COUNTY,195,498,626
ROCKBRIDGE COUNTY,243,553,677
ROCKBRIDGE COUNTY,709,1638,2121
ROCKBRIDGE COUNTY,149,307,540
ROCKBRIDGE COUNTY,353,968,1373
ROCKBRIDGE COUNTY,222,806,1177
ROCKBRIDGE COUNTY,141,410,540
ROCKBRIDGE COUNTY,271,870,1129
ROCKBRIDGE COUNTY,494,1328,1774
ROCKBRIDGE COUNTY,85,414,577
ROCKBRIDGE COUNTY,49,448,617
ROCKBRIDGE COUNTY,360,859,1183
ROCKBRIDGE COUNTY,147,511,630
ROCKBRIDGE COUNTY,294,905,1112
ROCKBRIDGE COUNTY,,,
ROCKINGHAM COUNTY,605,2357,3026
ROCKINGHAM COUNTY,264,1384,1901
ROCKINGHAM COUNTY,245,1292,1614
ROCKINGHAM COUNTY,50,441,522
ROCKINGHAM COUNTY,524,1947,2413
ROCKINGHAM COUNTY,499,1796,2207
ROCKINGHAM COUNTY,444,1452,1734
ROCKINGHAM COUNTY,832,2453,3172
ROCKINGHAM COUNTY,264,987,1228
ROCKINGHAM COUNTY,557,1632,1961
ROCKINGHAM COUNTY,943,2382,2986
ROCKINGHAM COUNTY,291,1050,1314
ROCKINGHAM COUNTY,363,1239,1378
ROCKINGHAM COUNTY,319,909,1092
ROCKINGHAM COUNTY,349,1866,2350
ROCKINGHAM COUNTY,1157,3088,3838
ROCKINGHAM COUNTY,1228,2938,3176
ROCKINGHAM COUNTY,414,1357,1582
ROCKINGHAM COUNTY,514,1587,1812
ROCKINGHAM COUNTY,56,250,316
ROCKINGHAM COUNTY,752,2271,2988
ROCKINGHAM COUNTY,356,1773,2128
ROCKINGHAM COUNTY,689,2135,2462
ROCKINGHAM COUNTY,352,1862,2297
ROCKINGHAM COUNTY,544,2476,3093
ROCKINGHAM COUNTY,713,2338,2796
ROCKINGHAM COUNTY,271,1150,1400
ROCKINGHAM COUNTY,597,1767,2147
ROCKINGHAM COUNTY,195,1015,1333
ROCKINGHAM COUNTY,,,
RUSSELL COUNTY,397,1034,1411
RUSSELL COUNTY,244,775,1075
RUSSELL COUNTY,139,583,854
RUSSELL COUNTY,502,1670,2483
RUSSELL COUNTY,53,301,548
RUSSELL COUNTY,80,316,457
RUSSELL COUNTY,138,396,520
RUSSELL COUNTY,281,932,1395
RUSSELL COUNTY,163,562,803
RUSSELL COUNTY,14,103,167
RUSSELL COUNTY,388,1417,2009
RUSSELL COUNTY,167,627,1004
RUSSELL COUNTY,1127,2331,3292
RUSSELL COUNTY,509,1146,1567
RUSSELL COUNTY,532,1495,1966
RUSSELL COUNTY,,,
SALEM CITY,1035,1706,2348
SALEM CITY,384,894,1374
SALEM CITY,487,866,1109
SALEM CITY,769,1321,1700
SALEM CITY,958,1831,2482
SALEM CITY,472,1030,1479
SALEM CITY,562,1184,1737
SALEM CITY,219,579,902
SALEM CITY,1046,1848,2445
SALEM CITY,1094,2016,2795
SALEM CITY,,,
SCOTT COUNTY,351,752,1184
SCOTT COUNTY,396,1041,1465
SCOTT COUNTY,414,719,1059
SCOTT COUNTY,379,972,1383
SCOTT COUNTY,59,255,372
SCOTT COUNTY,212,737,1076
SCOTT COUNTY,199,542,738
SCOTT COUNTY,256,593,804
SCOTT COUNTY,78,187,271
SCOTT COUNTY,1083,1932,3014
SCOTT COUNTY,131,408,639
SCOTT COUNTY,169,436,656
SCOTT COUNTY,132,298,451
SCOTT COUNTY,228,628,896
SCOTT COUNTY,158,435,670
SCOTT COUNTY,214,948,1377
SCOTT COUNTY,55,249,362
SCOTT COUNTY,,,
SHENANDOAH COUNTY,452,1255,1714
SHENANDOAH COUNTY,843,2763,3828
SHENANDOAH COUNTY,878,2354,3024
SHENANDOAH COUNTY,483,1672,2389
SHENANDOAH COUNTY,674,1556,2065
SHENANDOAH COUNTY,907,2123,2690
SHENANDOAH COUNTY,352,986,1236
SHENANDOAH COUNTY,1098,1973,2766
SHENANDOAH COUNTY,723,1533,2379
SHENANDOAH COUNTY,24,176,232
SHENANDOAH COUNTY,1174,2528,3374
SHENANDOAH COUNTY,611,1822,2334
SHENANDOAH COUNTY,613,1843,2805
SHENANDOAH COUNTY,631,1954,2846
SHENANDOAH COUNTY,,,
SMYTH COUNTY,317,1938,2843
SMYTH COUNTY,441,1450,2080
SMYTH COUNTY,97,569,800
SMYTH COUNTY,527,2157,3023
SMYTH COUNTY,678,1965,2981
SMYTH COUNTY,242,1307,1852
SMYTH COUNTY,338,915,1212
SMYTH COUNTY,402,1245,1994
SMYTH COUNTY,161,706,941
SMYTH COUNTY,292,1407,1893
SMYTH COUNTY,145,799,1120
SMYTH COUNTY,24,129,164
SMYTH COUNTY,,,
SOUTHAMPTON COUNTY,276,853,1051
SOUTHAMPTON COUNTY,240,1027,1327
SOUTHAMPTON COUNTY,331,1017,1558
SOUTHAMPTON COUNTY,465,1129,1565
SOUTHAMPTON COUNTY,326,799,1063
SOUTHAMPTON COUNTY,357,853,1095
SOUTHAMPTON COUNTY,510,969,1189
SOUTHAMPTON COUNTY,501,1097,1554
SOUTHAMPTON COUNTY,64,261,319
SOUTHAMPTON COUNTY,344,990,1577
SOUTHAMPTON COUNTY,333,907,1224
SOUTHAMPTON COUNTY,,,
SPOTSYLVANIA COUNTY,767,2448,3361
SPOTSYLVANIA COUNTY,955,2602,3736
SPOTSYLVANIA COUNTY,1833,4235,5816
SPOTSYLVANIA COUNTY,1295,2966,4460
SPOTSYLVANIA COUNTY,781,1955,2762
SPOTSYLVANIA COUNTY,1397,3612,4850
SPOTSYLVANIA COUNTY,1440,3238,4227
SPOTSYLVANIA COUNTY,1156,3014,4410
SPOTSYLVANIA COUNTY,709,2039,3073
SPOTSYLVANIA COUNTY,1453,3292,4704
SPOTSYLVANIA COUNTY,1739,3691,4749
SPOTSYLVANIA COUNTY,1091,2311,3364
SPOTSYLVANIA COUNTY,1028,2639,3663
SPOTSYLVANIA COUNTY,1594,2987,4413
SPOTSYLVANIA COUNTY,1445,3158,4484
SPOTSYLVANIA COUNTY,848,1796,2534
SPOTSYLVANIA COUNTY,634,2082,2911
SPOTSYLVANIA COUNTY,706,1917,2666
SPOTSYLVANIA COUNTY,754,2056,2776
SPOTSYLVANIA COUNTY,1307,2845,3943
SPOTSYLVANIA COUNTY,1759,3936,4919
SPOTSYLVANIA COUNTY,981,2558,3810
SPOTSYLVANIA COUNTY,1223,3162,4562
SPOTSYLVANIA COUNTY,706,1890,2947
SPOTSYLVANIA COUNTY,978,2149,3178
SPOTSYLVANIA COUNTY,954,2310,3510
SPOTSYLVANIA COUNTY,1067,2558,4085
SPOTSYLVANIA COUNTY,1112,2901,4181
SPOTSYLVANIA COUNTY,1963,3375,4204
SPOTSYLVANIA COUNTY,,,
STAFFORD COUNTY,1345,3821,5062
STAFFORD COUNTY,1106,2677,3527
STAFFORD COUNTY,708,2307,3160
STAFFORD COUNTY,598,1764,2251
STAFFORD COUNTY,427,1383,2045
STAFFORD COUNTY,489,1357,1894
STAFFORD COUNTY,1168,3340,4802
STAFFORD COUNTY,1186,2760,3744
STAFFORD COUNTY,628,2266,3203
STAFFORD COUNTY,1134,2812,3822
STAFFORD COUNTY,382,1152,1671
STAFFORD COUNTY,442,1396,2358
STAFFORD COUNTY,635,1895,2706
STAFFORD COUNTY,376,1318,2091
STAFFORD COUNTY,317,782,1149
STAFFORD COUNTY,317,817,1455
STAFFORD COUNTY,593,1865,3043
STAFFORD COUNTY,1062,2639,4239
STAFFORD COUNTY,864,1798,2393
STAFFORD COUNTY,489,1704,2457
STAFFORD COUNTY,650,2197,3120
STAFFORD COUNTY,1369,3285,4760
STAFFORD COUNTY,162,480,999
STAFFORD COUNTY,1173,3759,5014
STAFFORD COUNTY,839,2541,3390
STAFFORD COUNTY,1089,3206,4580
STAFFORD COUNTY,874,2343,3349
STAFFORD COUNTY,422,893,1331
STAFFORD COUNTY,664,2370,3138
STAFFORD COUNTY,752,2840,3983
STAFFORD COUNTY,886,2955,3815
STAFFORD COUNTY,257,1121,1929
STAFFORD COUNTY,1536,3477,4738
STAFFORD COUNTY,1065,2992,4406
STAFFORD COUNTY,684,2073,3439
STAFFORD COUNTY,1275,3207,4464
STAFFORD COUNTY,2027,4332,5770
STAFFORD COUNTY,,,
STAUNTON CITY,1084,2923,4459
STAUNTON CITY,1216,3140,4636
STAUNTON CITY,1230,2664,3539
STAUNTON CITY,1048,2301,3081
STAUNTON CITY,1290,2677,3742
STAUNTON CITY,,,
SUFFOLK CITY,360,1156,1516
SUFFOLK CITY,1453,3783,4732
SUFFOLK CITY,434,1367,1776
SUFFOLK CITY,1350,3341,4356
SUFFOLK CITY,464,1762,2150
SUFFOLK CITY,595,1812,2379
SUFFOLK CITY,1082,2682,3872
SUFFOLK CITY,1073,2636,3843
SUFFOLK CITY,266,562,858
SUFFOLK CITY,782,1956,3095
SUFFOLK CITY,1013,2406,3367
SUFFOLK CITY,393,1034,1328
SUFFOLK CITY,547,1665,2316
SUFFOLK CITY,637,1543,2136
SUFFOLK CITY,608,1880,2520
SUFFOLK CITY,352,989,1839
SUFFOLK CITY,544,1491,2635
SUFFOLK CITY,284,825,1505
SUFFOLK CITY,1201,2579,3551
SUFFOLK CITY,527,1543,2105
SUFFOLK CITY,1641,3572,4531
SUFFOLK CITY,451,1288,1745
SUFFOLK CITY,888,1979,3289
SUFFOLK CITY,215,562,1008
SUFFOLK CITY,318,825,1296
SUFFOLK CITY,977,2031,2856
SUFFOLK CITY,193,521,877
SUFFOLK CITY,418,1529,2380
SUFFOLK CITY,680,2342,3192
SUFFOLK CITY,519,2094,3614
SUFFOLK CITY,,,
SURRY COUNTY,480,967,1255
SURRY COUNTY,321,881,1156
SURRY COUNTY,335,899,1177
SURRY COUNTY,308,918,1196
SURRY COUNTY,197,545,698
SURRY COUNTY,112,255,380
SURRY COUNTY,,,
SUSSEX COUNTY,116,634,1020
SUSSEX COUNTY,235,730,1052
SUSSEX COUNTY,148,288,383
SUSSEX COUNTY,84,210,276
SUSSEX COUNTY,150,817,1203
SUSSEX COUNTY,173,703,1065
SUSSEX COUNTY,156,608,911
SUSSEX COUNTY,38,204,270
SUSSEX COUNTY,231,480,703
SUSSEX COUNTY,99,251,402
SUSSEX COUNTY,,,
TAZEWELL COUNTY,174,663,971
TAZEWELL COUNTY,252,530,730
TAZEWELL COUNTY,612,1139,1703
TAZEWELL COUNTY,110,547,812
TAZEWELL COUNTY,45,236,354
TAZEWELL COUNTY,38,92,163
TAZEWELL COUNTY,92,224,329
TAZEWELL COUNTY,54,235,315
TAZEWELL COUNTY,27,133,167
TAZEWELL COUNTY,361,645,821
TAZEWELL COUNTY,34,157,208
TAZEWELL COUNTY,1665,2780,4035
TAZEWELL COUNTY,253,580,774
TAZEWELL COUNTY,1018,2218,2984
TAZEWELL COUNTY,137,354,485
TAZEWELL COUNTY,690,1692,2201
TAZEWELL COUNTY,1197,3419,5120
TAZEWELL COUNTY,70,249,353
TAZEWELL COUNTY,674,1534,2081
TAZEWELL COUNTY,885,2584,3940
TAZEWELL COUNTY,,,
VIRGINIA BEACH CITY,1483,3390,4637
VIRGINIA BEACH CITY,1075,2900,4814
VIRGINIA BEACH CITY,701,1898,2781
VIRGINIA BEACH CITY,1184,2684,4028
VIRGINIA BEACH CITY,913,2275,4245
VIRGINIA BEACH CITY,1284,2769,3523
VIRGINIA BEACH CITY,606,1686,2055
VIRGINIA BEACH CITY,958,2400,3842
VIRGINIA BEACH CITY,1214,2449,2976
VIRGINIA BEACH CITY,1560,2998,3752
VIRGINIA BEACH CITY,1397,3186,4286
VIRGINIA BEACH CITY,774,2416,4121
VIRGINIA BEACH CITY,982,2949,4521
VIRGINIA BEACH CITY,922,2552,3710
VIRGINIA BEACH CITY,550,1862,3196
VIRGINIA BEACH CITY,735,2410,3864
VIRGINIA BEACH CITY,1130,2012,2708
VIRGINIA BEACH CITY,1505,2925,3764
VIRGINIA BEACH CITY,526,1426,1941
VIRGINIA BEACH CITY,540,1528,2206
VIRGINIA BEACH CITY,742,2374,4095
VIRGINIA BEACH CITY,589,1866,2661
VIRGINIA BEACH CITY,688,2350,3544
VIRGINIA BEACH CITY,362,1036,1303
VIRGINIA BEACH CITY,1155,2822,4177
VIRGINIA BEACH CITY,675,1571,2037
VIRGINIA BEACH CITY,590,1333,1717
VIRGINIA BEACH CITY,690,1785,2401
VIRGINIA BEACH CITY,670,2365,4269
VIRGINIA BEACH CITY,1233,2605,4106
VIRGINIA BEACH CITY,1511,3336,4172
VIRGINIA BEACH CITY,344,1276,1663
VIRGINIA BEACH CITY,490,1398,1760
VIRGINIA BEACH CITY,225,875,1160
VIRGINIA BEACH CITY,1794,2864,3548
VIRGINIA BEACH CITY,1080,2921,4787
VIRGINIA BEACH CITY,790,2049,3832
VIRGINIA BEACH CITY,1197,2470,3213
VIRGINIA BEACH CITY,593,1731,2704
VIRGINIA BEACH CITY,711,2162,4031
VIRGINIA BEACH CITY,407,1313,1986
VIRGINIA BEACH CITY,791,2368,3521
VIRGINIA BEACH CITY,655,2160,3697
VIRGINIA BEACH CITY,971,2584,3769
VIRGINIA BEACH CITY,701,2189,4066
VIRGINIA BEACH CITY,782,2274,3635
VIRGINIA BEACH CITY,1349,3054,3828
VIRGINIA BEACH CITY,700,1597,2310
VIRGINIA BEACH CITY,979,2212,2840
VIRGINIA BEACH CITY,459,1584,3092
VIRGINIA BEACH CITY,1021,2178,3229
VIRGINIA BEACH CITY,1209,3107,4527
VIRGINIA BEACH CITY,1059,2466,3631
VIRGINIA BEACH CITY,697,1744,2575
VIRGINIA BEACH CITY,657,2470,4641
VIRGINIA BEACH CITY,332,1206,1592
VIRGINIA BEACH CITY,560,1685,2639
VIRGINIA BEACH CITY,652,1771,2455
VIRGINIA BEACH CITY,570,1772,2983
VIRGINIA BEACH CITY,1585,3260,4162
VIRGINIA BEACH CITY,644,2270,4671
VIRGINIA BEACH CITY,1182,2820,3955
VIRGINIA BEACH CITY,1448,3404,4742
VIRGINIA BEACH CITY,1160,2933,4258
VIRGINIA BEACH CITY,874,2697,3982
VIRGINIA BEACH CITY,1084,2281,3070
VIRGINIA BEACH CITY,383,1249,2463
VIRGINIA BEACH CITY,938,2202,3049
VIRGINIA BEACH CITY,785,2229,3603
VIRGINIA BEACH CITY,984,2703,4500
VIRGINIA BEACH CITY,843,2178,3193
VIRGINIA BEACH CITY,1191,2570,3534
VIRGINIA BEACH CITY,700,2074,3601
VIRGINIA BEACH CITY,709,2001,3462
VIRGINIA BEACH CITY,1453,2976,3919
VIRGINIA BEACH CITY,715,2177,4240
VIRGINIA BEACH CITY,656,2159,3836
VIRGINIA BEACH CITY,784,2080,3046
VIRGINIA BEACH CITY,860,2314,3751
VIRGINIA BEACH CITY,632,1960,3331
VIRGINIA BEACH CITY,914,2519,3914
VIRGINIA BEACH CITY,912,2081,2855
VIRGINIA BEACH CITY,1095,2777,3919
VIRGINIA BEACH CITY,784,2311,3735
VIRGINIA BEACH CITY,1408,3092,4231
VIRGINIA BEACH CITY,1186,2691,3601
VIRGINIA BEACH CITY,970,2223,2986
VIRGINIA BEACH CITY,1085,2377,3271
VIRGINIA BEACH CITY,869,2283,3207
VIRGINIA BEACH CITY,752,1682,2383
VIRGINIA BEACH CITY,1238,3105,4639
VIRGINIA BEACH CITY,539,1731,2265
VIRGINIA BEACH CITY,660,2247,4397
VIRGINIA BEACH CITY,625,1673,2538
VIRGINIA BEACH CITY,676,1758,2541
VIRGINIA BEACH CITY,462,1660,3128
VIRGINIA BEACH CITY,744,2139,3346
VIRGINIA BEACH CITY,539,1535,2585
VIRGINIA BEACH CITY,541,1361,2042
VIRGINIA BEACH CITY,551,1267,1617
VIRGINIA BEACH CITY,209,603,945
VIRGINIA BEACH CITY,164,380,573
VIRGINIA BEACH CITY,333,996,1964
VIRGINIA BEACH CITY,682,1950,3356
VIRGINIA BEACH CITY,358,774,990
VIRGINIA BEACH CITY,544,1483,2440
VIRGINIA BEACH CITY,518,1155,1549
VIRGINIA BEACH CITY,393,695,852
VIRGINIA BEACH CITY,,,
WARREN COUNTY,677,1491,2395
WARREN COUNTY,1371,2947,3896
WARREN COUNTY,1183,2462,3318
WARREN COUNTY,962,2571,3548
WARREN COUNTY,910,1912,3071
WARREN COUNTY,1189,2512,3346
WARREN COUNTY,1557,3210,4687
WARREN COUNTY,754,1440,1932
WARREN COUNTY,1156,2565,3951
WARREN COUNTY,300,962,1250
WARREN COUNTY,246,724,908
WARREN COUNTY,,,
WASHINGTON COUNTY,1281,2540,3657
WASHINGTON COUNTY,806,1505,2107
WASHINGTON COUNTY,276,844,1177
WASHINGTON COUNTY,737,1561,2102
WASHINGTON COUNTY,144,538,746
WASHINGTON COUNTY,785,1370,1738
WASHINGTON COUNTY,1331,2426,3097
WASHINGTON COUNTY,1449,2435,3386
WASHINGTON COUNTY,491,1661,2344
WASHINGTON COUNTY,779,2221,3027
WASHINGTON COUNTY,1042,2744,3686
WASHINGTON COUNTY,437,1216,1689
WASHINGTON COUNTY,29,201,267
WASHINGTON COUNTY,819,2257,3183
WASHINGTON COUNTY,93,424,566
WASHINGTON COUNTY,490,1531,2236
WASHINGTON COUNTY,856,1772,2368
WASHINGTON COUNTY,259,630,885
WASHINGTON COUNTY,930,1859,2663
WASHINGTON COUNTY,,,
WAYNESBORO CITY,758,1993,3524
WAYNESBORO CITY,1633,3385,4588
WAYNESBORO CITY,1210,2797,4267
WAYNESBORO CITY,1552,3197,4237
WAYNESBORO CITY,,,
WESTMORELAND COUNTY,492,1184,1716
WESTMORELAND COUNTY,357,728,1063
WESTMORELAND COUNTY,828,1502,2002
WESTMORELAND COUNTY,385,854,1129
WESTMORELAND COUNTY,467,945,1377
WESTMORELAND COUNTY,355,1144,1651
WESTMORELAND COUNTY,666,2208,3121
WESTMORELAND COUNTY,639,2099,3048
WESTMORELAND COUNTY,,,
WILLIAMSBURG CITY,1884,3743,5959
WILLIAMSBURG CITY,2057,4220,6163
WILLIAMSBURG CITY,,,
WINCHESTER CITY,1513,2651,3477
WINCHESTER CITY,1089,1948,2666
WINCHESTER CITY,815,2037,3939
WINCHESTER CITY,904,2162,3910
WINCHESTER CITY,401,1149,2226
WINCHESTER CITY,999,2042,2989
WINCHESTER CITY,,,
WISE COUNTY,266,959,1605
WISE COUNTY,217,671,1004
WISE COUNTY,219,664,1062
WISE COUNTY,588,1773,2669
WISE COUNTY,371,944,1506
WISE COUNTY,1360,2703,4076
WISE COUNTY,233,511,708
WISE COUNTY,957,2050,3222
WISE COUNTY,959,2123,3124
WISE COUNTY,1068,1903,2649
WISE COUNTY,704,1922,3066
WISE COUNTY,113,649,1006
WISE COUNTY,,,
WYTHE COUNTY,290,608,856
WYTHE COUNTY,573,2086,2815
WYTHE COUNTY,1174,2513,3670
WYTHE COUNTY,1227,2543,3810
WYTHE COUNTY,424,1333,1740
WYTHE COUNTY,315,1369,1903
WYTHE COUNTY,198,1025,1465
WYTHE COUNTY,388,1444,2008
WYTHE COUNTY,179,683,912
WYTHE COUNTY,254,1111,1538
WYTHE COUNTY,268,826,1114
WYTHE COUNTY,,,
YORK COUNTY,1091,2196,2746
YORK COUNTY,2194,3809,5132
YORK COUNTY,1661,3660,5215
YORK COUNTY,1693,3606,5173
YORK COUNTY,1418,2713,3859
YORK COUNTY,1856,3496,4330
YORK COUNTY,1083,1832,2305
YORK COUNTY,1234,2647,3836
YORK COUNTY,1980,3278,4073
YORK COUNTY,2044,3482,4488
YORK COUNTY,1404,2353,3140
YORK COUNTY,1870,3455,4440
YORK COUNTY,1674,3509,5087
YORK COUNTY,,,